Poblacion,Mutacion_Pb,Generaciones,Cruce_Pb,Num_Fases,Score_Rep1,Score_Rep2,Score_Rep3,Score_Rep4,Score_Rep5,Mediana_Score,Tiempo_Inicio,Tiempo_Fin,Tiempo_Segundos
5,0,5,0,5,1384.977357,1273.016066,1395.910349,1387.27507,1143.135787,1384.977357,26/07/2026 22:56,26/07/2026 22:56,0.128424883
5,0,5,0,20,1098.410724,1181.110154,1192.431961,1153.38724,1245.17074,1181.110154,26/07/2026 22:56,26/07/2026 22:56,0.481707096
5,0,5,0,50,1224.722037,1323.378796,1143.922845,1205.234942,1361.795846,1224.722037,26/07/2026 22:56,26/07/2026 22:56,1.401565552
5,0,5,0,100,1143.611883,1198.206575,1314.4801,1176.639503,1326.452979,1198.206575,26/07/2026 22:56,26/07/2026 22:56,2.517807484
5,0,5,0.1,5,1241.76515,1157.926276,1159.284428,1198.014097,1273.449824,1198.014097,26/07/2026 22:56,26/07/2026 22:56,0.180453539
5,0,5,0.1,20,1080.560076,1177.85282,1129.41446,1109.466653,1187.536198,1129.41446,26/07/2026 22:56,26/07/2026 22:56,0.643424988
5,0,5,0.1,50,1200.4853,1201.63257,1167.669389,1171.128429,1088.880751,1171.128429,26/07/2026 22:56,26/07/2026 22:56,1.527164459
5,0,5,0.1,100,1230.052879,1280.905474,1110.810801,1201.197577,1195.742146,1201.197577,26/07/2026 22:56,26/07/2026 22:57,3.185908556
5,0,5,0.5,5,1125.715173,1222.251243,1178.045558,1128.607557,1125.663082,1128.607557,26/07/2026 22:57,26/07/2026 22:57,0.271783352
5,0,5,0.5,20,1239.50214,1052.134686,1229.773864,1358.554702,1305.443248,1239.50214,26/07/2026 22:57,26/07/2026 22:57,1.078764915
5,0,5,0.5,50,1364.461687,1339.632958,1178.337356,1231.163914,1237.506508,1237.506508,26/07/2026 22:57,26/07/2026 22:57,2.756960154
5,0,5,0.5,100,1226.683156,1307.228673,1280.005927,1199.84645,1257.099211,1257.099211,26/07/2026 22:57,26/07/2026 22:57,5.324770451
5,0,5,0.7,5,1247.436433,1236.726842,1247.230692,1185.131095,1308.367055,1247.230692,26/07/2026 22:57,26/07/2026 22:57,0.422746181
5,0,5,0.7,20,1215.60555,1310.868287,1212.850047,1249.872322,1223.315608,1223.315608,26/07/2026 22:57,26/07/2026 22:57,1.373764038
5,0,5,0.7,50,1070.219295,1178.951908,1161.183222,1189.024035,1168.579869,1168.579869,26/07/2026 22:57,26/07/2026 22:57,3.643436193
5,0,5,0.7,100,1231.094723,1253.530095,1234.475058,1285.965591,1154.325823,1234.475058,26/07/2026 22:57,26/07/2026 22:57,6.711694717
5,0,5,1,5,1215.179017,1320.168327,1148.887895,1273.174967,1301.33469,1273.174967,26/07/2026 22:57,26/07/2026 22:57,0.461130142
5,0,5,1,20,1226.259302,1111.593347,1290.489503,1212.243682,1145.177279,1212.243682,26/07/2026 22:57,26/07/2026 22:57,1.843666077
5,0,5,1,50,1060.439535,1178.615217,1118.362156,1250.741671,1270.383729,1178.615217,26/07/2026 22:57,26/07/2026 22:57,5.028012276
5,0,5,1,100,1199.212474,1180.809677,1196.333525,1222.8412,1142.917403,1196.333525,26/07/2026 22:57,26/07/2026 22:57,9.760890484
5,0,20,0,5,1450.877301,1100.212235,1077.23398,1255.762704,1111.011917,1111.011917,26/07/2026 22:57,26/07/2026 22:57,0.199666262
5,0,20,0,20,1239.192679,1284.739248,1241.445679,1241.36463,1225.180319,1241.36463,26/07/2026 22:57,26/07/2026 22:57,0.808067322
5,0,20,0,50,1248.575653,1229.248726,1263.052622,1283.050488,1189.895595,1248.575653,26/07/2026 22:57,26/07/2026 22:57,2.12620616
5,0,20,0,100,1264.273321,1174.963443,1097.515699,1216.879154,1201.373859,1201.373859,26/07/2026 22:57,26/07/2026 22:57,3.990746737
5,0,20,0.1,5,1163.561983,1340.748972,1196.729946,1240.863275,1283.37632,1240.863275,26/07/2026 22:57,26/07/2026 22:57,0.418874741
5,0,20,0.1,20,1190.831504,1231.776246,1254.703476,1119.498602,1327.377271,1231.776246,26/07/2026 22:57,26/07/2026 22:57,1.121621609
5,0,20,0.1,50,1292.874868,1296.25319,1248.447253,1101.924424,1267.725414,1267.725414,26/07/2026 22:57,26/07/2026 22:57,2.592385769
5,0,20,0.1,100,1255.606574,1191.101969,1197.966477,1236.855966,1114.836166,1197.966477,26/07/2026 22:57,26/07/2026 22:57,5.632386923
5,0,20,0.5,5,1296.083167,1240.182787,1065.358059,1191.918357,1190.28132,1191.918357,26/07/2026 22:57,26/07/2026 22:57,0.753944159
5,0,20,0.5,20,1223.112558,1180.890901,1159.755627,1238.676115,1316.224805,1223.112558,26/07/2026 22:57,26/07/2026 22:58,2.591984749
5,0,20,0.5,50,1233.70853,1267.355217,1209.691309,1306.933399,1110.638989,1233.70853,26/07/2026 22:58,26/07/2026 22:58,6.341365099
5,0,20,0.5,100,1152.628197,1318.959623,1172.323331,1288.700703,1165.91254,1172.323331,26/07/2026 22:58,26/07/2026 22:58,12.26747465
5,0,20,0.7,5,1161.284481,1199.643081,1191.920605,1155.246013,1231.558501,1191.920605,26/07/2026 22:58,26/07/2026 22:58,0.883021832
5,0,20,0.7,20,1168.935973,1285.293525,1110.910843,1133.006386,1254.679971,1168.935973,26/07/2026 22:58,26/07/2026 22:58,2.896662951
5,0,20,0.7,50,1155.688671,1215.39395,1067.723835,1238.616522,1200.783047,1200.783047,26/07/2026 22:58,26/07/2026 22:58,7.29754138
5,0,20,0.7,100,1222.835564,1214.355966,1149.544178,1221.46986,1200.849481,1214.355966,26/07/2026 22:58,26/07/2026 22:58,15.32172227
5,0,20,1,5,1309.925338,1318.065337,1267.996171,1278.983189,1282.142577,1282.142577,26/07/2026 22:58,26/07/2026 22:58,0.906215429
5,0,20,1,20,1177.795011,1140.543997,1079.015667,1294.04938,1057.663729,1140.543997,26/07/2026 22:58,26/07/2026 22:58,4.120996952
5,0,20,1,50,1329.319971,1316.575999,1177.16061,1308.395883,1287.873913,1308.395883,26/07/2026 22:58,26/07/2026 22:59,11.2790308
5,0,20,1,100,1262.062928,1262.323324,1306.497524,1027.020857,1222.090563,1262.062928,26/07/2026 22:59,26/07/2026 22:59,20.99127197
5,0,50,0,5,1203.507982,1345.338456,1113.765037,1167.609781,1225.291105,1203.507982,26/07/2026 22:59,26/07/2026 22:59,0.2181077
5,0,50,0,20,1357.326283,1172.956307,1296.301768,1237.466106,1272.435107,1272.435107,26/07/2026 22:59,26/07/2026 22:59,0.826639891
5,0,50,0,50,1257.132806,1320.102752,1061.370726,1099.754007,1246.150553,1246.150553,26/07/2026 22:59,26/07/2026 22:59,2.099115372
5,0,50,0,100,1171.459726,1238.827179,1188.148877,1350.992169,1141.690584,1188.148877,26/07/2026 22:59,26/07/2026 22:59,4.080793381
5,0,50,0.1,5,1082.024565,1131.19151,1213.371173,1231.806475,1222.478237,1213.371173,26/07/2026 22:59,26/07/2026 22:59,0.544366121
5,0,50,0.1,20,1264.724954,1177.042231,1108.632657,1322.472282,1132.075555,1177.042231,26/07/2026 22:59,26/07/2026 22:59,1.661719799
5,0,50,0.1,50,1198.085814,1326.616759,1145.445434,1230.138324,1263.954706,1230.138324,26/07/2026 22:59,26/07/2026 22:59,4.275338173
5,0,50,0.1,100,1272.374331,1193.789524,1200.271653,1274.834414,1252.952049,1252.952049,26/07/2026 22:59,26/07/2026 22:59,8.748273134
5,0,50,0.5,5,1224.479249,1191.670684,1191.04107,1255.972936,1409.640096,1224.479249,26/07/2026 22:59,26/07/2026 22:59,1.928755522
5,0,50,0.5,20,1317.689756,1217.773986,1218.341322,1149.485286,1299.630317,1218.341322,26/07/2026 22:59,26/07/2026 22:59,5.418835878
5,0,50,0.5,50,1256.888701,1064.784987,1177.530235,1188.049143,1339.471473,1188.049143,26/07/2026 22:59,26/07/2026 23:00,13.28552127
5,0,50,0.5,100,1253.547066,1279.011586,1245.36711,1273.259311,1082.742571,1253.547066,26/07/2026 23:00,26/07/2026 23:00,24.75436878
5,0,50,0.7,5,1232.70053,1139.204269,1196.726491,1221.196986,1191.122883,1196.726491,26/07/2026 23:00,26/07/2026 23:00,1.604938269
5,0,50,0.7,20,1229.411456,1228.660729,1186.925092,1146.531907,1201.520541,1201.520541,26/07/2026 23:00,26/07/2026 23:00,7.451394796
5,0,50,0.7,50,1273.567336,1167.166726,1268.231089,1369.944487,1316.853286,1273.567336,26/07/2026 23:00,26/07/2026 23:00,16.4245801
5,0,50,0.7,100,1280.111791,1077.276869,1333.473833,1192.156846,1222.479595,1222.479595,26/07/2026 23:00,26/07/2026 23:01,34.96341825
5,0,50,1,5,1255.980168,1151.852794,1342.771402,1186.474201,1155.415256,1186.474201,26/07/2026 23:01,26/07/2026 23:01,2.878452539
5,0,50,1,20,1184.915747,1191.138434,1245.789649,1184.131475,1095.012817,1184.915747,26/07/2026 23:01,26/07/2026 23:01,10.79452467
5,0,50,1,50,1267.194445,1206.979052,1231.223317,1131.377104,1128.796179,1206.979052,26/07/2026 23:01,26/07/2026 23:02,23.67779183
5,0,50,1,100,1129.604433,1182.554281,1249.6534,1228.804895,1120.971921,1182.554281,26/07/2026 23:02,26/07/2026 23:02,43.56257248
5,0,100,0,5,1346.628187,1170.1233,1171.096123,1246.813427,1139.546934,1171.096123,26/07/2026 23:02,26/07/2026 23:02,0.354159832
5,0,100,0,20,1252.6738,1185.752579,1245.71952,1188.337403,1261.166926,1245.71952,26/07/2026 23:02,26/07/2026 23:02,1.232345819
5,0,100,0,50,1268.614217,1091.640294,1216.391351,1266.885742,1292.010629,1266.885742,26/07/2026 23:02,26/07/2026 23:02,3.079685688
5,0,100,0,100,1364.947451,1271.284637,1294.149226,1390.476637,1217.804979,1294.149226,26/07/2026 23:02,26/07/2026 23:03,6.205951452
5,0,100,0.1,5,1146.344621,1248.32662,1179.283688,1293.480356,1229.648084,1229.648084,26/07/2026 23:03,26/07/2026 23:03,0.80675602
5,0,100,0.1,20,1249.935635,1150.527201,1250.48991,1067.236843,1184.457461,1184.457461,26/07/2026 23:03,26/07/2026 23:03,2.883337975
5,0,100,0.1,50,1257.005597,1217.37174,1165.806797,1405.816149,1217.535021,1217.535021,26/07/2026 23:03,26/07/2026 23:03,7.497221231
5,0,100,0.1,100,1175.532693,1205.287516,1195.855252,1250.638509,1282.863548,1205.287516,26/07/2026 23:03,26/07/2026 23:03,14.81366515
5,0,100,0.5,5,1125.379953,1216.795055,1266.618609,1099.874277,1241.887958,1216.795055,26/07/2026 23:03,26/07/2026 23:03,2.285113096
5,0,100,0.5,20,1275.417895,1218.660186,1238.703419,1301.270101,1095.488819,1238.703419,26/07/2026 23:03,26/07/2026 23:03,9.027346611
5,0,100,0.5,50,1173.332284,1207.609943,1219.282422,1197.923726,1071.089178,1197.923726,26/07/2026 23:03,26/07/2026 23:04,24.50456548
5,0,100,0.5,100,1163.435125,1359.796125,1167.489876,1103.372103,1285.365869,1167.489876,26/07/2026 23:04,26/07/2026 23:04,47.01304293
5,0,100,0.7,5,1099.395834,1281.841566,1203.105316,1166.1021,1172.752618,1172.752618,26/07/2026 23:04,26/07/2026 23:04,3.16954875
5,0,100,0.7,20,1167.132532,1057.177088,1256.240929,1175.388358,1244.742368,1175.388358,26/07/2026 23:04,26/07/2026 23:05,12.99380708
5,0,100,0.7,50,1265.226467,1121.510701,1307.602383,1155.774469,1241.625347,1241.625347,26/07/2026 23:05,26/07/2026 23:05,35.78578734
5,0,100,0.7,100,1109.767177,1190.930361,1185.980802,1207.508047,1152.501167,1185.980802,26/07/2026 23:05,26/07/2026 23:06,67.87106276
5,0,100,1,5,1253.237753,1146.317341,1133.722095,1178.348312,1245.139576,1178.348312,26/07/2026 23:06,26/07/2026 23:06,4.536010504
5,0,100,1,20,1281.8184,1268.226809,1230.848386,1256.671439,1175.884255,1256.671439,26/07/2026 23:06,26/07/2026 23:07,18.08826041
5,0,100,1,50,1137.538201,1273.405461,1170.787838,1286.737756,1272.927938,1272.927938,26/07/2026 23:07,26/07/2026 23:08,52.21486378
5,0,100,1,100,1285.396331,1244.95838,1076.958678,1076.68828,1323.503355,1244.95838,26/07/2026 23:08,26/07/2026 23:09,86.89074373
5,0.1,5,0,5,1246.58207,1321.19465,1247.523624,1105.346088,1272.427836,1247.523624,26/07/2026 23:09,26/07/2026 23:09,0.252494812
5,0.1,5,0,20,1211.224417,1408.791022,1176.689768,1328.737471,1383.43354,1328.737471,26/07/2026 23:09,26/07/2026 23:09,0.951533079
5,0.1,5,0,50,1245.662251,1211.720019,1332.656168,1150.06219,1247.376843,1245.662251,26/07/2026 23:09,26/07/2026 23:09,2.678034067
5,0.1,5,0,100,1255.455339,1345.16617,1307.727499,1248.669927,1142.653572,1255.455339,26/07/2026 23:09,26/07/2026 23:09,3.887737751
5,0.1,5,0.1,5,1295.449128,1249.739994,1222.041028,1292.514689,1290.540016,1290.540016,26/07/2026 23:09,26/07/2026 23:09,0.19568038
5,0.1,5,0.1,20,1233.783433,1284.424338,1107.840517,1217.352926,1321.820326,1233.783433,26/07/2026 23:09,26/07/2026 23:09,0.757573605
5,0.1,5,0.1,50,1163.845391,1225.351196,1233.997809,1197.326284,1253.668773,1225.351196,26/07/2026 23:09,26/07/2026 23:09,1.979128122
5,0.1,5,0.1,100,1191.38887,1220.907972,1239.067649,1236.818864,1213.659933,1220.907972,26/07/2026 23:09,26/07/2026 23:09,3.926101446
5,0.1,5,0.5,5,1221.9364,1348.139836,1220.367885,1343.569866,1211.347194,1221.9364,26/07/2026 23:09,26/07/2026 23:09,0.32539463
5,0.1,5,0.5,20,1211.561285,1364.573299,1088.497594,1138.530534,1145.525909,1145.525909,26/07/2026 23:09,26/07/2026 23:09,1.169287443
5,0.1,5,0.5,50,1390.337992,1295.082303,1273.382087,1214.392014,1104.512045,1273.382087,26/07/2026 23:09,26/07/2026 23:09,3.397909641
5,0.1,5,0.5,100,1177.077368,1200.118047,1229.969374,1182.878337,1193.25861,1193.25861,26/07/2026 23:09,26/07/2026 23:10,6.347674608
5,0.1,5,0.7,5,1222.207599,1293.066614,1274.139977,1353.388454,1137.613025,1274.139977,26/07/2026 23:10,26/07/2026 23:10,0.48641777
5,0.1,5,0.7,20,1299.270812,1145.50035,1283.084578,1272.409463,1372.080269,1283.084578,26/07/2026 23:10,26/07/2026 23:10,1.462429047
5,0.1,5,0.7,50,1161.151137,1251.913265,1176.974775,1463.944203,1073.483799,1176.974775,26/07/2026 23:10,26/07/2026 23:10,3.745200157
5,0.1,5,0.7,100,1316.138644,1328.216633,1294.916077,1266.876416,1089.983499,1294.916077,26/07/2026 23:10,26/07/2026 23:10,6.78531456
5,0.1,5,1,5,1236.879262,1230.370192,1213.538541,1099.632269,1110.085563,1213.538541,26/07/2026 23:10,26/07/2026 23:10,0.427301168
5,0.1,5,1,20,1141.137913,1071.075831,1324.457803,1330.421712,1093.738763,1141.137913,26/07/2026 23:10,26/07/2026 23:10,1.763886452
5,0.1,5,1,50,1202.205452,1206.022398,1243.144661,1074.154155,1273.733476,1206.022398,26/07/2026 23:10,26/07/2026 23:10,4.293073893
5,0.1,5,1,100,1194.784608,1281.674594,1159.6645,1130.985993,1208.34167,1194.784608,26/07/2026 23:10,26/07/2026 23:10,8.177535295
5,0.1,20,0,5,1098.5933,1160.287547,1317.855759,1226.904686,1225.466476,1225.466476,26/07/2026 23:10,26/07/2026 23:10,0.350151539
5,0.1,20,0,20,1286.978046,1153.416361,1231.353865,1278.257129,1083.211893,1231.353865,26/07/2026 23:10,26/07/2026 23:10,1.615723133
5,0.1,20,0,50,1277.028655,1196.224311,1260.08015,1194.576472,1066.129575,1196.224311,26/07/2026 23:10,26/07/2026 23:10,4.042986631
5,0.1,20,0,100,1208.939729,1071.935073,1174.043924,1285.719434,1287.440298,1208.939729,26/07/2026 23:10,26/07/2026 23:10,8.388541222
5,0.1,20,0.1,5,1194.017203,1259.180886,1256.87201,1151.717662,1147.649022,1194.017203,26/07/2026 23:10,26/07/2026 23:10,0.555603027
5,0.1,20,0.1,20,1216.722284,1179.285162,1228.685425,1120.623387,1219.580164,1216.722284,26/07/2026 23:10,26/07/2026 23:10,2.168742895
5,0.1,20,0.1,50,1297.517179,1132.562045,1231.1963,1071.192756,1151.464018,1151.464018,26/07/2026 23:10,26/07/2026 23:10,5.223633289
5,0.1,20,0.1,100,1060.422437,1078.643912,1176.291757,1160.193117,1118.192881,1118.192881,26/07/2026 23:10,26/07/2026 23:11,10.29018116
5,0.1,20,0.5,5,1123.03941,1216.882507,1237.122686,1183.227946,1191.865057,1191.865057,26/07/2026 23:11,26/07/2026 23:11,0.954990625
5,0.1,20,0.5,20,1313.731642,1388.584643,1276.649639,1159.82094,1300.488843,1300.488843,26/07/2026 23:11,26/07/2026 23:11,3.843615055
5,0.1,20,0.5,50,1297.053804,1027.837742,1083.48859,1278.030176,1067.696784,1083.48859,26/07/2026 23:11,26/07/2026 23:11,9.242162704
5,0.1,20,0.5,100,1260.442194,1170.646164,1297.637084,1186.595066,1314.010141,1260.442194,26/07/2026 23:11,26/07/2026 23:11,17.14814854
5,0.1,20,0.7,5,1285.570805,1312.495175,1289.807249,1040.88437,1328.258062,1289.807249,26/07/2026 23:11,26/07/2026 23:11,1.305058241
5,0.1,20,0.7,20,1358.219295,1185.784774,1162.439409,1136.056209,1287.711994,1185.784774,26/07/2026 23:11,26/07/2026 23:11,5.462382078
5,0.1,20,0.7,50,1226.068998,1149.762508,1304.185314,1260.972401,1238.261691,1238.261691,26/07/2026 23:11,26/07/2026 23:11,11.33061171
5,0.1,20,0.7,100,1194.819876,1322.065999,1343.647469,1203.483732,1150.296345,1203.483732,26/07/2026 23:11,26/07/2026 23:12,22.85399413
5,0.1,20,1,5,1302.009156,1312.06077,1140.003275,1251.317632,1322.213685,1302.009156,26/07/2026 23:12,26/07/2026 23:12,1.796517611
5,0.1,20,1,20,1185.716517,1091.001614,1207.870011,1270.145483,1144.574736,1185.716517,26/07/2026 23:12,26/07/2026 23:12,5.315725803
5,0.1,20,1,50,1132.512333,1100.907347,1295.569481,1246.018542,1305.822433,1246.018542,26/07/2026 23:12,26/07/2026 23:12,14.39672208
5,0.1,20,1,100,1327.906266,1199.293242,1204.273462,1143.565219,1279.923671,1204.273462,26/07/2026 23:12,26/07/2026 23:13,29.58050156
5,0.1,50,0,5,1301.847037,1266.480841,1272.433519,1136.566616,1102.484561,1266.480841,26/07/2026 23:13,26/07/2026 23:13,1.064988613
5,0.1,50,0,20,1150.029517,1080.952375,1254.87181,1259.302193,1237.487158,1237.487158,26/07/2026 23:13,26/07/2026 23:13,4.115721226
5,0.1,50,0,50,1211.697741,1253.609425,1257.403797,1309.664379,1208.952027,1253.609425,26/07/2026 23:13,26/07/2026 23:13,9.916462183
5,0.1,50,0,100,1296.398192,1295.005855,1071.964699,1279.892524,1207.18629,1279.892524,26/07/2026 23:13,26/07/2026 23:13,19.02524185
5,0.1,50,0.1,5,1184.836201,1339.743729,1131.192082,1225.399812,1296.383468,1225.399812,26/07/2026 23:13,26/07/2026 23:13,1.256689787
5,0.1,50,0.1,20,1367.966277,1229.229198,1133.634416,1187.486025,1196.329,1196.329,26/07/2026 23:13,26/07/2026 23:13,4.949518442
5,0.1,50,0.1,50,1258.179259,1325.268524,1126.322085,1233.20096,1243.955902,1243.955902,26/07/2026 23:13,26/07/2026 23:13,12.1062243
5,0.1,50,0.1,100,1319.062486,1234.415499,1096.002319,1278.22657,1247.647081,1247.647081,26/07/2026 23:13,26/07/2026 23:14,23.77135086
5,0.1,50,0.5,5,1254.009959,1264.551508,1237.863364,1281.586688,1159.927968,1254.009959,26/07/2026 23:14,26/07/2026 23:14,1.913475752
5,0.1,50,0.5,20,1057.401606,1235.300433,1233.977688,1163.903607,1098.476474,1163.903607,26/07/2026 23:14,26/07/2026 23:14,9.394840956
5,0.1,50,0.5,50,1083.017711,1190.29476,1369.537062,1027.238897,1335.800227,1190.29476,26/07/2026 23:14,26/07/2026 23:14,22.36764932
5,0.1,50,0.5,100,1140.152042,1247.485641,1281.493145,1178.924099,1281.678065,1247.485641,26/07/2026 23:14,26/07/2026 23:15,44.31841135
5,0.1,50,0.7,5,1327.298178,1260.869124,1262.018031,1129.045282,1158.924693,1260.869124,26/07/2026 23:15,26/07/2026 23:15,2.584174395
5,0.1,50,0.7,20,1103.071545,1228.246836,1299.333335,1301.425862,1171.249984,1228.246836,26/07/2026 23:15,26/07/2026 23:15,11.49366808
5,0.1,50,0.7,50,1284.177727,1203.082386,1160.489955,1285.739874,1240.257691,1240.257691,26/07/2026 23:15,26/07/2026 23:16,31.06964278
5,0.1,50,0.7,100,1172.089356,1342.835556,1273.102073,1171.166941,1016.418445,1172.089356,26/07/2026 23:16,26/07/2026 23:17,65.90459514
5,0.1,50,1,5,1321.768698,1121.55644,1233.71134,1166.977926,1157.805636,1166.977926,26/07/2026 23:17,26/07/2026 23:17,4.119532585
5,0.1,50,1,20,1252.366995,1272.696384,1242.072962,1312.936492,1221.13366,1252.366995,26/07/2026 23:17,26/07/2026 23:17,15.2442739
5,0.1,50,1,50,1225.784552,1206.692286,1205.994567,1197.613256,1185.068925,1205.994567,26/07/2026 23:17,26/07/2026 23:18,39.67689633
5,0.1,50,1,100,1092.458505,1292.786197,1192.967989,1258.658246,1226.764397,1226.764397,26/07/2026 23:18,26/07/2026 23:19,76.51033068
5,0.1,100,0,5,1427.797633,1236.555025,1190.52012,1292.05155,1226.836624,1236.555025,26/07/2026 23:19,26/07/2026 23:19,1.901011229
5,0.1,100,0,20,1221.78286,1185.872978,1061.611364,1371.016755,1129.532903,1185.872978,26/07/2026 23:19,26/07/2026 23:19,8.343197823
5,0.1,100,0,50,1305.07684,1205.232071,1145.456947,1137.553291,1176.392292,1176.392292,26/07/2026 23:19,26/07/2026 23:20,20.24165964
5,0.1,100,0,100,1178.644186,1187.356822,1260.206673,1272.09,1169.838175,1187.356822,26/07/2026 23:20,26/07/2026 23:20,40.27690673
5,0.1,100,0.1,5,1149.267816,1328.237262,1293.178404,1241.998323,1291.282705,1291.282705,26/07/2026 23:20,26/07/2026 23:20,2.954725504
5,0.1,100,0.1,20,1085.253052,1199.609706,1090.823056,1278.957077,1183.228624,1183.228624,26/07/2026 23:20,26/07/2026 23:21,10.13832641
5,0.1,100,0.1,50,1308.098933,1195.313847,1375.827217,1178.438617,1121.435082,1195.313847,26/07/2026 23:21,26/07/2026 23:21,27.12044311
5,0.1,100,0.1,100,1307.962535,1318.159171,1244.439723,1237.314393,1176.109886,1244.439723,26/07/2026 23:21,26/07/2026 23:22,53.99162555
5,0.1,100,0.5,5,1233.168918,1180.890181,1248.559084,1336.045297,1173.695434,1233.168918,26/07/2026 23:22,26/07/2026 23:22,5.219711304
5,0.1,100,0.5,20,1255.656122,1123.366037,1293.23061,1143.085019,1155.672747,1155.672747,26/07/2026 23:22,26/07/2026 23:22,18.71155834
5,0.1,100,0.5,50,1222.719569,1240.012339,1218.577486,1255.472497,1146.37168,1222.719569,26/07/2026 23:22,26/07/2026 23:23,50.37905383
5,0.1,100,0.5,100,1310.874061,1061.743461,1163.808274,1192.279614,1205.59581,1192.279614,26/07/2026 23:23,26/07/2026 23:25,102.0745506
5,0.1,100,0.7,5,1161.079396,1260.393474,1320.543408,1365.085707,1138.851557,1260.393474,26/07/2026 23:25,26/07/2026 23:25,5.68730998
5,0.1,100,0.7,20,1314.281507,1270.229241,1315.58676,1263.012977,1257.43003,1270.229241,26/07/2026 23:25,26/07/2026 23:25,22.84186101
5,0.1,100,0.7,50,1270.891967,1173.921551,1240.730541,1287.406924,1408.912855,1270.891967,26/07/2026 23:25,26/07/2026 23:26,64.59420657
5,0.1,100,0.7,100,1227.349653,1184.851795,1274.60384,1253.707747,1232.926637,1232.926637,26/07/2026 23:26,26/07/2026 23:29,122.412432
5,0.1,100,1,5,1158.365577,1304.639086,1273.150339,1072.180137,1333.494821,1273.150339,26/07/2026 23:29,26/07/2026 23:29,8.073146343
5,0.1,100,1,20,1331.36735,1218.132648,1303.137256,1236.26927,1079.65238,1236.26927,26/07/2026 23:29,26/07/2026 23:29,31.29762387
5,0.1,100,1,50,1199.051249,1338.705545,1194.075668,1176.862039,1303.576291,1199.051249,26/07/2026 23:29,26/07/2026 23:30,75.15422225
5,0.1,100,1,100,1315.914906,1074.64155,1225.115531,1140.109487,1090.183666,1140.109487,26/07/2026 23:30,26/07/2026 23:33,151.0021312
5,0.5,5,0,5,1312.303375,1144.949329,1284.500139,1398.652311,1236.884761,1284.500139,26/07/2026 23:33,26/07/2026 23:33,0.456240177
5,0.5,5,0,20,1148.775913,1255.295772,1230.109752,1219.078222,1212.8873,1219.078222,26/07/2026 23:33,26/07/2026 23:33,1.94997263
5,0.5,5,0,50,1250.27566,1325.669448,1486.972361,1160.893921,1213.334817,1250.27566,26/07/2026 23:33,26/07/2026 23:33,4.562582254
5,0.5,5,0,100,1167.348791,1297.668754,1344.534601,1148.173144,1272.18155,1272.18155,26/07/2026 23:33,26/07/2026 23:33,9.375198364
5,0.5,5,0.1,5,1271.888401,1241.355582,1204.900277,1253.802993,1192.138898,1241.355582,26/07/2026 23:33,26/07/2026 23:33,0.544874907
5,0.5,5,0.1,20,1174.640827,1234.197941,1123.615927,1226.748749,1232.084589,1226.748749,26/07/2026 23:33,26/07/2026 23:33,2.12790823
5,0.5,5,0.1,50,1151.367807,1107.47683,1289.639997,1050.394535,1189.065498,1151.367807,26/07/2026 23:33,26/07/2026 23:33,4.99493289
5,0.5,5,0.1,100,1207.538551,1048.397352,1324.332626,1229.618805,1252.688612,1229.618805,26/07/2026 23:33,26/07/2026 23:34,10.32970071
5,0.5,5,0.5,5,1317.053769,1346.173017,1098.73157,1226.280511,1196.979019,1226.280511,26/07/2026 23:34,26/07/2026 23:34,0.560451508
5,0.5,5,0.5,20,1198.89727,1243.650071,1317.617362,1111.456248,1236.845096,1236.845096,26/07/2026 23:34,26/07/2026 23:34,2.395444155
5,0.5,5,0.5,50,1136.138859,1217.868633,1254.77042,1195.941198,1155.635043,1195.941198,26/07/2026 23:34,26/07/2026 23:34,5.99352932
5,0.5,5,0.5,100,1146.913652,1188.183019,1337.643949,1359.988021,1387.148797,1337.643949,26/07/2026 23:34,26/07/2026 23:34,12.12484026
5,0.5,5,0.7,5,1255.511928,1106.642511,1037.554157,1096.4542,1224.991896,1106.642511,26/07/2026 23:34,26/07/2026 23:34,0.69722414
5,0.5,5,0.7,20,1261.85479,1129.243465,1251.05166,1073.355023,1186.629137,1186.629137,26/07/2026 23:34,26/07/2026 23:34,2.587167501
5,0.5,5,0.7,50,1308.501428,1213.293924,1127.921304,1124.99922,1181.642676,1181.642676,26/07/2026 23:34,26/07/2026 23:34,6.693972826
5,0.5,5,0.7,100,1165.074526,1255.257521,1150.188413,1308.369273,1125.730606,1165.074526,26/07/2026 23:34,26/07/2026 23:34,12.89403725
5,0.5,5,1,5,1214.641249,1191.062115,1168.420032,1193.170377,1225.968908,1193.170377,26/07/2026 23:34,26/07/2026 23:34,0.818697214
5,0.5,5,1,20,1323.893337,1183.619296,1217.341774,1199.305454,1280.594538,1217.341774,26/07/2026 23:34,26/07/2026 23:34,2.800027847
5,0.5,5,1,50,1216.636148,1263.397768,1230.44476,1130.169538,1250.797424,1230.44476,26/07/2026 23:34,26/07/2026 23:34,7.249100685
5,0.5,5,1,100,1236.030657,1293.603837,1213.596581,1174.473135,1164.3855,1213.596581,26/07/2026 23:34,26/07/2026 23:35,14.53133726
5,0.5,20,0,5,1203.822931,1220.95874,1142.985111,1200.120194,1042.591422,1200.120194,26/07/2026 23:35,26/07/2026 23:35,1.758542538
5,0.5,20,0,20,1363.97648,1227.875215,1156.730412,1209.264609,1232.66836,1227.875215,26/07/2026 23:35,26/07/2026 23:35,6.776667356
5,0.5,20,0,50,1103.487748,1221.59743,1235.605731,1260.43798,1341.72531,1235.605731,26/07/2026 23:35,26/07/2026 23:35,17.33133101
5,0.5,20,0,100,1199.026639,1268.983914,1187.370359,1250.962403,1314.569784,1250.962403,26/07/2026 23:35,26/07/2026 23:36,36.97151518
5,0.5,20,0.1,5,1199.833389,1270.505828,1210.466852,1285.666663,1265.125903,1265.125903,26/07/2026 23:36,26/07/2026 23:36,2.09258008
5,0.5,20,0.1,20,1115.43377,1144.231276,1296.664198,1264.653484,1092.205692,1144.231276,26/07/2026 23:36,26/07/2026 23:36,7.551203728
5,0.5,20,0.1,50,1175.136196,1037.497855,1295.549784,1117.778673,1032.586045,1117.778673,26/07/2026 23:36,26/07/2026 23:36,19.78721595
5,0.5,20,0.1,100,1250.551159,1110.547089,1246.519872,1348.629922,1147.864606,1246.519872,26/07/2026 23:36,26/07/2026 23:37,36.89418507
5,0.5,20,0.5,5,1240.918964,1272.158746,1185.353247,1125.18201,1220.677685,1220.677685,26/07/2026 23:37,26/07/2026 23:37,2.337872267
5,0.5,20,0.5,20,1220.15431,1162.725144,1207.842539,1199.392251,1117.75801,1199.392251,26/07/2026 23:37,26/07/2026 23:37,9.493534803
5,0.5,20,0.5,50,1187.107065,1201.021218,1201.231063,1225.995256,1224.976592,1201.231063,26/07/2026 23:37,26/07/2026 23:37,23.28435779
5,0.5,20,0.5,100,1259.49424,1361.483366,1236.544267,1355.302555,1179.130625,1259.49424,26/07/2026 23:37,26/07/2026 23:38,46.71001601
5,0.5,20,0.7,5,1241.76218,1223.249238,1336.86837,1223.641537,1107.381213,1223.641537,26/07/2026 23:38,26/07/2026 23:38,2.234283209
5,0.5,20,0.7,20,1213.77875,1170.888203,1246.728528,1220.163577,1149.429769,1213.77875,26/07/2026 23:38,26/07/2026 23:38,9.475205898
5,0.5,20,0.7,50,1121.337123,1188.760378,1172.283623,1199.967442,1187.205763,1187.205763,26/07/2026 23:38,26/07/2026 23:39,25.29304624
5,0.5,20,0.7,100,1008.042113,1143.590518,1296.914316,1275.683346,1255.51156,1255.51156,26/07/2026 23:39,26/07/2026 23:40,50.78763747
5,0.5,20,1,5,1220.7381,1164.027899,1328.008224,1104.099954,1191.57355,1191.57355,26/07/2026 23:40,26/07/2026 23:40,2.910098076
5,0.5,20,1,20,1231.434724,1189.04296,1259.978108,1064.651233,1216.650915,1216.650915,26/07/2026 23:40,26/07/2026 23:40,11.00841069
5,0.5,20,1,50,1295.755511,1141.334746,1252.20888,1200.310886,1155.494583,1200.310886,26/07/2026 23:40,26/07/2026 23:40,28.1586616
5,0.5,20,1,100,1172.83597,1155.128332,1116.218311,1192.095506,1264.594999,1172.83597,26/07/2026 23:40,26/07/2026 23:41,55.04166412
5,0.5,50,0,5,1079.945323,1151.042841,1155.633434,1239.347999,1158.255903,1155.633434,26/07/2026 23:41,26/07/2026 23:41,4.433530569
5,0.5,50,0,20,1200.77183,1158.867795,1324.47891,1240.787195,1322.882664,1240.787195,26/07/2026 23:41,26/07/2026 23:42,19.06486082
5,0.5,50,0,50,1236.021579,1109.698268,1142.745153,1186.313719,1257.029765,1186.313719,26/07/2026 23:42,26/07/2026 23:42,44.81372333
5,0.5,50,0,100,1197.068335,1217.817288,1246.686505,1245.284198,1246.170248,1245.284198,26/07/2026 23:42,26/07/2026 23:44,90.20561194
5,0.5,50,0.1,5,1251.446786,1238.448499,1148.596051,1319.331945,1174.22717,1238.448499,26/07/2026 23:44,26/07/2026 23:44,4.567220688
5,0.5,50,0.1,20,1183.071507,1373.052979,1163.150024,1114.546291,1261.23153,1183.071507,26/07/2026 23:44,26/07/2026 23:44,20.24617648
5,0.5,50,0.1,50,1152.228454,1282.129928,1099.062066,1175.842406,1271.359783,1175.842406,26/07/2026 23:44,26/07/2026 23:45,46.40672827
5,0.5,50,0.1,100,1180.256086,1230.267808,1086.881371,1275.702729,1210.339433,1210.339433,26/07/2026 23:45,26/07/2026 23:47,95.77725101
5,0.5,50,0.5,5,1286.08801,1243.240177,1233.774841,1245.323307,1143.478643,1243.240177,26/07/2026 23:47,26/07/2026 23:47,5.891597986
5,0.5,50,0.5,20,1233.535371,1244.649568,1165.485139,1213.334664,1102.173497,1213.334664,26/07/2026 23:47,26/07/2026 23:47,24.40011263
5,0.5,50,0.5,50,1280.11863,1320.013128,1106.229868,1342.453283,1218.870236,1280.11863,26/07/2026 23:47,26/07/2026 23:48,57.42222428
5,0.5,50,0.5,100,1294.33676,1196.074307,1407.864326,1250.778577,1269.434243,1269.434243,26/07/2026 23:48,26/07/2026 23:50,113.4870181
5,0.5,50,0.7,5,1128.323164,1146.649866,1293.320226,1245.907103,1331.655457,1245.907103,26/07/2026 23:50,26/07/2026 23:50,6.201923847
5,0.5,50,0.7,20,1267.919929,1158.879172,1075.295568,1279.326258,1264.569206,1264.569206,26/07/2026 23:50,26/07/2026 23:51,24.29036736
5,0.5,50,0.7,50,1270.762582,1350.477021,1204.459477,1221.993372,1224.460951,1224.460951,26/07/2026 23:51,26/07/2026 23:52,60.0669558
5,0.5,50,0.7,100,1258.170725,1258.109425,1110.897558,1155.307694,1347.393972,1258.109425,26/07/2026 23:52,26/07/2026 23:54,121.6295362
5,0.5,50,1,5,1257.071883,1263.606233,1155.742362,1236.401725,1139.594891,1236.401725,26/07/2026 23:54,26/07/2026 23:54,6.58498168
5,0.5,50,1,20,1184.785245,1234.919095,1177.01313,1120.337588,1117.194678,1177.01313,26/07/2026 23:54,26/07/2026 23:54,28.12071157
5,0.5,50,1,50,1089.448336,1200.258751,1212.022887,1237.166886,1191.951016,1200.258751,26/07/2026 23:54,26/07/2026 23:55,67.50144982
5,0.5,50,1,100,1252.205261,1256.43677,1169.965346,1268.669748,1152.213821,1252.205261,26/07/2026 23:55,26/07/2026 23:58,136.1921842
5,0.5,100,0,5,1167.695666,1201.595264,1266.981944,1133.313765,1192.436105,1192.436105,26/07/2026 23:58,26/07/2026 23:58,8.639144182
5,0.5,100,0,20,1295.683505,1224.866378,1123.646865,1224.241484,1215.043127,1224.241484,26/07/2026 23:58,26/07/2026 23:58,35.53865218
5,0.5,100,0,50,1189.014083,1203.597215,1153.311021,1243.934032,1303.49228,1203.597215,26/07/2026 23:58,27/07/2026 00:00,86.6305747
5,0.5,100,0,100,1268.13252,1247.6392,1283.236871,1366.013657,1296.137808,1283.236871,27/07/2026 00:00,27/07/2026 00:03,176.3301547
5,0.5,100,0.1,5,1327.457213,1317.323607,1210.909269,1303.155505,1239.676329,1303.155505,27/07/2026 00:03,27/07/2026 00:03,9.352066994
5,0.5,100,0.1,20,1159.905899,1049.582106,1292.091472,1201.629286,1277.176102,1201.629286,27/07/2026 00:03,27/07/2026 00:03,37.3303678
5,0.5,100,0.1,50,1330.548616,1197.153417,1349.579686,1166.868569,1144.888092,1197.153417,27/07/2026 00:03,27/07/2026 00:05,92.03513026
5,0.5,100,0.1,100,1127.971406,1182.33449,1253.499385,1140.254888,1252.984266,1182.33449,27/07/2026 00:05,27/07/2026 00:08,182.031003
5,0.5,100,0.5,5,1173.847256,1142.821855,1332.21085,1206.751854,1100.200055,1173.847256,27/07/2026 00:08,27/07/2026 00:08,10.65794945
5,0.5,100,0.5,20,1214.698881,1263.923155,1232.923436,1163.408119,1320.534501,1232.923436,27/07/2026 00:08,27/07/2026 00:09,43.72560668
5,0.5,100,0.5,50,948.9233748,1082.835269,1228.230221,1193.918803,1215.383732,1193.918803,27/07/2026 00:09,27/07/2026 00:11,112.4220693
5,0.5,100,0.5,100,1153.887071,1191.49908,1251.101085,1276.136708,1295.185077,1251.101085,27/07/2026 00:11,27/07/2026 00:15,227.1780524
5,0.5,100,0.7,5,1173.706931,1106.956169,1099.600111,1181.605007,1246.003902,1173.706931,27/07/2026 00:15,27/07/2026 00:15,11.65699029
5,0.5,100,0.7,20,1280.549844,1207.498881,1179.96089,1236.174026,1254.30278,1236.174026,27/07/2026 00:15,27/07/2026 00:16,47.85897779
5,0.5,100,0.7,50,1335.098968,1175.326743,1267.507786,1186.493992,1293.929638,1267.507786,27/07/2026 00:16,27/07/2026 00:18,121.7376924
5,0.5,100,0.7,100,1170.534643,1320.028443,1201.013038,1217.000442,1207.728885,1207.728885,27/07/2026 00:18,27/07/2026 00:22,247.2796416
5,0.5,100,1,5,1062.797186,1287.328077,1024.190107,1329.120685,1136.099521,1136.099521,27/07/2026 00:22,27/07/2026 00:22,12.89021206
5,0.5,100,1,20,1092.035936,1312.589673,1179.189296,1292.215869,1310.339048,1292.215869,27/07/2026 00:22,27/07/2026 00:23,53.25054383
5,0.5,100,1,50,1223.687957,1172.751619,1231.58705,1156.489451,1334.876687,1223.687957,27/07/2026 00:23,27/07/2026 00:25,138.1930466
5,0.5,100,1,100,1241.417332,1260.301042,1193.534442,1304.148571,1376.001309,1260.301042,27/07/2026 00:25,27/07/2026 00:30,270.5376477
5,0.7,5,0,5,1226.711859,1170.781472,1311.850048,1277.117606,1147.885214,1226.711859,27/07/2026 00:30,27/07/2026 00:30,0.572244406
5,0.7,5,0,20,1273.074236,1210.119146,1019.50263,1199.632599,1389.652656,1210.119146,27/07/2026 00:30,27/07/2026 00:30,2.38708806
5,0.7,5,0,50,1194.49388,1165.278804,1202.592747,1306.012339,1193.267731,1194.49388,27/07/2026 00:30,27/07/2026 00:30,5.89763093
5,0.7,5,0,100,1158.189438,1178.706944,1219.813808,1277.679341,1158.29685,1178.706944,27/07/2026 00:30,27/07/2026 00:30,11.94995761
5,0.7,5,0.1,5,1135.203268,1344.955895,1247.580517,1265.914222,1192.028744,1247.580517,27/07/2026 00:30,27/07/2026 00:30,0.620713711
5,0.7,5,0.1,20,1185.323604,1154.343281,1353.482449,1243.611783,1311.072445,1243.611783,27/07/2026 00:30,27/07/2026 00:30,2.461680889
5,0.7,5,0.1,50,1154.846476,1282.929806,1266.676769,1258.157633,1166.907934,1258.157633,27/07/2026 00:30,27/07/2026 00:30,6.337841749
5,0.7,5,0.1,100,1157.335338,1205.46732,1204.481015,1281.730637,1223.141285,1205.46732,27/07/2026 00:30,27/07/2026 00:30,12.4683876
5,0.7,5,0.5,5,1252.441906,1028.068798,1338.073444,1262.563544,1396.704397,1262.563544,27/07/2026 00:30,27/07/2026 00:30,0.660107851
5,0.7,5,0.5,20,1312.535462,1134.72101,1085.083406,1275.5691,1133.308997,1134.72101,27/07/2026 00:30,27/07/2026 00:30,2.622599363
5,0.7,5,0.5,50,1199.766902,1221.15332,1168.980718,1243.672377,1137.03482,1199.766902,27/07/2026 00:30,27/07/2026 00:31,6.870118856
5,0.7,5,0.5,100,1351.545873,1323.720169,1226.742814,1216.671588,1216.070855,1226.742814,27/07/2026 00:31,27/07/2026 00:31,13.08384037
5,0.7,5,0.7,5,1118.634042,1141.271855,1219.254327,1158.481252,1254.271733,1158.481252,27/07/2026 00:31,27/07/2026 00:31,0.767640352
5,0.7,5,0.7,20,1108.1854,1224.89719,1208.095654,1160.701836,1128.013097,1160.701836,27/07/2026 00:31,27/07/2026 00:31,2.68986392
5,0.7,5,0.7,50,1172.247802,1216.617275,1312.528116,1110.769014,1160.230916,1172.247802,27/07/2026 00:31,27/07/2026 00:31,6.951087713
5,0.7,5,0.7,100,1190.120412,1199.686494,1260.518182,1132.553985,1212.375272,1199.686494,27/07/2026 00:31,27/07/2026 00:31,13.99542665
5,0.7,5,1,5,1097.698802,1286.723793,1237.058221,1070.898439,1271.063993,1237.058221,27/07/2026 00:31,27/07/2026 00:31,0.70950532
5,0.7,5,1,20,1204.106625,1177.291383,1315.748041,1116.818608,1333.25597,1204.106625,27/07/2026 00:31,27/07/2026 00:31,3.006205559
5,0.7,5,1,50,1233.338387,1289.972473,1277.069195,1185.704808,1384.218017,1277.069195,27/07/2026 00:31,27/07/2026 00:31,7.333364487
5,0.7,5,1,100,1101.536867,1283.452822,1212.15281,1288.708316,1186.91773,1212.15281,27/07/2026 00:31,27/07/2026 00:32,14.56922174
5,0.7,20,0,5,1287.11379,1199.951946,1238.891708,1039.680217,1155.936344,1199.951946,27/07/2026 00:32,27/07/2026 00:32,2.409686089
5,0.7,20,0,20,1302.758787,1093.241182,1188.873982,1146.604493,1207.806524,1188.873982,27/07/2026 00:32,27/07/2026 00:32,9.301101685
5,0.7,20,0,50,1147.245367,1077.403413,1275.748273,1201.023818,1332.263176,1201.023818,27/07/2026 00:32,27/07/2026 00:32,23.42744827
5,0.7,20,0,100,1208.534545,1297.825615,1071.854686,1307.824865,1240.728025,1240.728025,27/07/2026 00:32,27/07/2026 00:33,47.98695087
5,0.7,20,0.1,5,1110.4554,1351.202819,1286.372746,1246.845651,1372.765418,1286.372746,27/07/2026 00:33,27/07/2026 00:33,2.485603809
5,0.7,20,0.1,20,1175.097194,1256.551272,1130.733069,1353.381341,1167.813643,1175.097194,27/07/2026 00:33,27/07/2026 00:33,9.676320553
5,0.7,20,0.1,50,1189.900705,1287.387779,1217.520818,1325.475216,1244.140198,1244.140198,27/07/2026 00:33,27/07/2026 00:34,24.10328388
5,0.7,20,0.1,100,1215.899461,1222.118096,1116.966534,1320.182362,1259.022643,1222.118096,27/07/2026 00:34,27/07/2026 00:34,49.31822014
5,0.7,20,0.5,5,1214.43666,1243.851919,1125.122287,1071.249046,1150.103267,1150.103267,27/07/2026 00:34,27/07/2026 00:34,2.760775566
5,0.7,20,0.5,20,1170.667721,1183.241046,1117.809577,1249.055863,1276.315685,1183.241046,27/07/2026 00:34,27/07/2026 00:35,11.13439965
5,0.7,20,0.5,50,1262.044999,1292.526145,1166.185292,1362.534812,1286.580687,1286.580687,27/07/2026 00:35,27/07/2026 00:35,27.19617224
5,0.7,20,0.5,100,1152.180421,1066.606944,1269.679265,1276.812202,1225.802162,1225.802162,27/07/2026 00:35,27/07/2026 00:36,53.48305774
5,0.7,20,0.7,5,1191.926078,1140.5269,1123.460236,1266.076675,1164.536183,1164.536183,27/07/2026 00:36,27/07/2026 00:36,2.897801399
5,0.7,20,0.7,20,1354.166815,1202.39336,1131.140773,1326.633858,1216.131962,1216.131962,27/07/2026 00:36,27/07/2026 00:36,11.05744672
5,0.7,20,0.7,50,1273.186371,1207.539983,1179.267904,1235.215811,1186.494534,1207.539983,27/07/2026 00:36,27/07/2026 00:37,28.3282342
5,0.7,20,0.7,100,1111.886596,1137.561871,1185.550081,1232.382854,1287.952876,1185.550081,27/07/2026 00:37,27/07/2026 00:38,55.92129087
5,0.7,20,1,5,1128.171021,1341.738866,1316.696825,1193.935336,1191.362587,1193.935336,27/07/2026 00:38,27/07/2026 00:38,2.957142353
5,0.7,20,1,20,1238.69183,1312.05015,1263.135708,1101.980649,1129.550378,1238.69183,27/07/2026 00:38,27/07/2026 00:38,11.851336
5,0.7,20,1,50,1244.337294,1223.025804,1124.300154,1171.626584,1089.166835,1171.626584,27/07/2026 00:38,27/07/2026 00:38,30.37751269
5,0.7,20,1,100,1356.26233,1110.080149,1135.478821,1140.477049,1339.922969,1140.477049,27/07/2026 00:38,27/07/2026 00:39,59.67842531
5,0.7,50,0,5,1398.857115,1220.856548,1229.155995,1369.256198,1227.675371,1229.155995,27/07/2026 00:39,27/07/2026 00:40,6.828014851
5,0.7,50,0,20,1316.725238,1059.594911,1147.732598,1311.897736,1120.46011,1147.732598,27/07/2026 00:40,27/07/2026 00:40,26.94469094
5,0.7,50,0,50,1104.293826,1142.71451,1247.962268,1221.435484,1158.124379,1158.124379,27/07/2026 00:40,27/07/2026 00:41,63.15488625
5,0.7,50,0,100,1215.471162,1309.540566,1174.628272,1208.812199,1418.736757,1215.471162,27/07/2026 00:41,27/07/2026 00:43,124.574177
5,0.7,50,0.1,5,1064.801956,1120.49868,1248.233827,1210.008947,1108.487818,1120.49868,27/07/2026 00:43,27/07/2026 00:43,6.666163921
5,0.7,50,0.1,20,1209.642625,1183.593234,1151.79631,1318.879456,1202.317817,1202.317817,27/07/2026 00:43,27/07/2026 00:44,24.46594095
5,0.7,50,0.1,50,1171.186692,1224.588795,1127.7254,1289.148616,1192.82211,1192.82211,27/07/2026 00:44,27/07/2026 00:45,62.14073968
5,0.7,50,0.1,100,1311.453756,1220.376059,1079.600175,1217.931592,1215.597303,1217.931592,27/07/2026 00:45,27/07/2026 00:47,125.0710366
5,0.7,50,0.5,5,1239.535471,1263.41586,1226.242205,1113.462069,1225.715354,1226.242205,27/07/2026 00:47,27/07/2026 00:47,6.587374449
5,0.7,50,0.5,20,1144.430061,1233.911777,1204.191022,1122.48125,1359.980752,1204.191022,27/07/2026 00:47,27/07/2026 00:47,28.5887382
5,0.7,50,0.5,50,1253.417001,1147.202561,1234.701586,1281.794348,1332.47235,1253.417001,27/07/2026 00:47,27/07/2026 00:48,70.32089019
5,0.7,50,0.5,100,1263.5882,1343.100298,1143.861446,1245.998239,1106.106654,1245.998239,27/07/2026 00:48,27/07/2026 00:51,139.7296023
5,0.7,50,0.7,5,1298.232375,1190.880963,1121.628262,1236.744307,1144.315477,1190.880963,27/07/2026 00:51,27/07/2026 00:51,7.315667152
5,0.7,50,0.7,20,1183.116162,1222.975364,1225.466331,1277.929138,1255.143487,1225.466331,27/07/2026 00:51,27/07/2026 00:51,29.46355462
5,0.7,50,0.7,50,1138.712579,1215.491772,1223.700244,1359.337018,1150.7169,1215.491772,27/07/2026 00:51,27/07/2026 00:53,72.92307711
5,0.7,50,0.7,100,1335.977567,1149.323129,1191.413809,1184.978662,1232.152309,1191.413809,27/07/2026 00:53,27/07/2026 00:55,145.8216872
5,0.7,50,1,5,1153.788036,1234.085953,1113.90962,1365.390586,1213.281476,1213.281476,27/07/2026 00:55,27/07/2026 00:55,8.157277346
5,0.7,50,1,20,1157.161875,1248.590252,1194.184936,1165.552097,1139.196042,1165.552097,27/07/2026 00:55,27/07/2026 00:56,30.05730438
5,0.7,50,1,50,1196.994568,1260.300043,1158.257514,1185.124604,1389.665952,1196.994568,27/07/2026 00:56,27/07/2026 00:57,77.17264104
5,0.7,50,1,100,1242.337895,1293.22592,1223.86534,1254.878284,1393.041661,1254.878284,27/07/2026 00:57,27/07/2026 01:00,154.0625455
5,0.7,100,0,5,1367.415395,1255.517212,1213.886349,1137.184617,1116.26381,1213.886349,27/07/2026 01:00,27/07/2026 01:00,12.82544684
5,0.7,100,0,20,1143.117194,1143.119446,1239.75401,1423.703956,1247.772922,1239.75401,27/07/2026 01:00,27/07/2026 01:01,51.35309982
5,0.7,100,0,50,1182.750001,1149.330307,1228.086558,1366.602039,1109.354694,1182.750001,27/07/2026 01:01,27/07/2026 01:03,131.1843226
5,0.7,100,0,100,1227.219127,1292.278572,1128.494696,1216.110519,1350.773071,1227.219127,27/07/2026 01:03,27/07/2026 01:07,256.4356334
5,0.7,100,0.1,5,1372.5517,1199.168922,1145.136862,1221.261545,1309.358253,1221.261545,27/07/2026 01:07,27/07/2026 01:07,12.24805808
5,0.7,100,0.1,20,1158.400311,1094.94575,1133.164906,1364.605644,1220.89038,1158.400311,27/07/2026 01:07,27/07/2026 01:08,50.42350292
5,0.7,100,0.1,50,1198.325655,1070.558132,1232.458599,1158.681687,1254.266106,1198.325655,27/07/2026 01:08,27/07/2026 01:10,129.5225296
5,0.7,100,0.1,100,1185.926333,1287.017999,1305.326318,1230.203037,1288.820443,1287.017999,27/07/2026 01:10,27/07/2026 01:15,264.8213491
5,0.7,100,0.5,5,1201.805889,1235.175106,1289.636022,1262.739205,1318.684811,1262.739205,27/07/2026 01:15,27/07/2026 01:15,14.95410705
5,0.7,100,0.5,20,1280.025844,1220.397308,1335.179766,1035.421764,1226.174994,1226.174994,27/07/2026 01:15,27/07/2026 01:16,64.23452902
5,0.7,100,0.5,50,1198.091389,1282.424292,1317.603245,1133.489472,1265.196242,1265.196242,27/07/2026 01:16,27/07/2026 01:19,153.776238
5,0.7,100,0.5,100,1280.253678,1246.655427,1180.133191,1128.664108,1256.444185,1246.655427,27/07/2026 01:19,27/07/2026 01:23,282.944643
5,0.7,100,0.7,5,1229.761403,1175.745589,1090.437544,1119.873281,1431.517144,1175.745589,27/07/2026 01:23,27/07/2026 01:24,15.52770448
5,0.7,100,0.7,20,1357.816464,1175.961625,1379.433711,1237.931974,1198.913677,1237.931974,27/07/2026 01:24,27/07/2026 01:25,58.45989823
5,0.7,100,0.7,50,1227.907039,1267.901644,1208.14882,1110.885268,1134.483184,1208.14882,27/07/2026 01:25,27/07/2026 01:27,148.2567301
5,0.7,100,0.7,100,1231.803891,1289.253087,1198.448087,1221.736217,1112.985322,1221.736217,27/07/2026 01:27,27/07/2026 01:32,295.4519863
5,0.7,100,1,5,1270.738576,1357.658204,1193.593069,1236.598047,1143.064291,1236.598047,27/07/2026 01:32,27/07/2026 01:32,16.47649288
5,0.7,100,1,20,1173.668554,1131.606104,1195.572508,1225.867857,1183.230051,1183.230051,27/07/2026 01:32,27/07/2026 01:33,62.99057722
5,0.7,100,1,50,1146.335568,1193.370294,1290.649285,1194.193625,1202.137931,1194.193625,27/07/2026 01:33,27/07/2026 01:36,153.7997355
5,0.7,100,1,100,1242.506272,1114.635636,1187.342065,1212.599067,1195.227471,1195.227471,27/07/2026 01:36,27/07/2026 01:41,330.1683288
5,1,5,0,5,1406.009216,1145.893498,1090.190054,1269.158765,1216.41365,1216.41365,27/07/2026 01:41,27/07/2026 01:41,0.796098948
5,1,5,0,20,1169.381128,1127.013582,1234.035718,1238.870989,1238.648321,1234.035718,27/07/2026 01:41,27/07/2026 01:41,3.467513323
5,1,5,0,50,1328.992255,1130.761669,1209.563837,1229.614804,1272.009749,1229.614804,27/07/2026 01:41,27/07/2026 01:42,8.788190126
5,1,5,0,100,1244.602815,1093.18618,1329.740806,1028.325124,1376.207015,1244.602815,27/07/2026 01:42,27/07/2026 01:42,17.40681219
5,1,5,0.1,5,1285.195752,1262.670587,1193.779594,1147.734697,1245.578741,1245.578741,27/07/2026 01:42,27/07/2026 01:42,0.787530899
5,1,5,0.1,20,1334.620628,1246.975771,1171.622207,1236.51884,1171.396637,1236.51884,27/07/2026 01:42,27/07/2026 01:42,3.464412451
5,1,5,0.1,50,1208.198722,1269.096799,1069.946074,1207.774293,1190.339164,1207.774293,27/07/2026 01:42,27/07/2026 01:42,9.826636791
5,1,5,0.1,100,1198.111527,1263.939963,1270.698658,1138.49798,1204.55937,1204.55937,27/07/2026 01:42,27/07/2026 01:42,17.02315378
5,1,5,0.5,5,1188.913345,1154.936405,1256.623255,1157.403076,1259.420753,1188.913345,27/07/2026 01:42,27/07/2026 01:42,0.768896103
5,1,5,0.5,20,1299.648693,1257.963833,1195.314554,1199.300152,1335.368712,1257.963833,27/07/2026 01:42,27/07/2026 01:42,3.423371077
5,1,5,0.5,50,1134.342731,1191.658004,1286.384912,1146.493443,1244.192336,1191.658004,27/07/2026 01:42,27/07/2026 01:43,9.805269003
5,1,5,0.5,100,1232.708757,1261.781528,1245.493464,1269.172639,1216.256901,1245.493464,27/07/2026 01:43,27/07/2026 01:43,18.17551088
5,1,5,0.7,5,1118.108115,1292.455474,1289.197906,1342.679564,1247.503738,1289.197906,27/07/2026 01:43,27/07/2026 01:43,1.077145815
5,1,5,0.7,20,1182.050146,1351.275816,1120.401376,1225.245607,1159.287964,1182.050146,27/07/2026 01:43,27/07/2026 01:43,4.10208869
5,1,5,0.7,50,1154.153103,1139.70645,1124.949934,1179.909031,1334.641001,1154.153103,27/07/2026 01:43,27/07/2026 01:43,9.135660887
5,1,5,0.7,100,1270.482893,1266.297278,1163.99551,1233.368773,1190.42711,1233.368773,27/07/2026 01:43,27/07/2026 01:43,18.09237528
5,1,5,1,5,1296.4903,1209.855285,1078.795202,1235.844547,1209.741715,1209.855285,27/07/2026 01:43,27/07/2026 01:43,0.858468533
5,1,5,1,20,1172.720453,1236.690367,1328.454845,1332.123351,1188.681189,1236.690367,27/07/2026 01:43,27/07/2026 01:44,3.617423058
5,1,5,1,50,1268.706622,1124.022373,1207.685047,1284.112878,1108.557615,1207.685047,27/07/2026 01:44,27/07/2026 01:44,9.259409189
5,1,5,1,100,1290.929976,1339.374221,1262.469557,1179.003289,1180.69507,1262.469557,27/07/2026 01:44,27/07/2026 01:44,18.01774502
5,1,20,0,5,1161.601641,1157.140057,1156.858807,1278.800115,1229.4936,1161.601641,27/07/2026 01:44,27/07/2026 01:44,3.683470249
5,1,20,0,20,1270.13406,1452.916066,1169.678493,1155.833125,1140.574561,1169.678493,27/07/2026 01:44,27/07/2026 01:44,14.51725745
5,1,20,0,50,1279.539499,1186.264026,1386.338837,1225.957942,1130.221974,1225.957942,27/07/2026 01:44,27/07/2026 01:45,42.82566381
5,1,20,0,100,1220.651426,1285.240681,1083.145282,1185.094461,1284.347711,1220.651426,27/07/2026 01:45,27/07/2026 01:47,90.80510974
5,1,20,0.1,5,1185.381457,1200.236878,1202.622861,1390.847259,1249.517374,1202.622861,27/07/2026 01:47,27/07/2026 01:47,3.854197264
5,1,20,0.1,20,1208.203699,1305.546248,1205.339991,1178.224341,1253.37092,1208.203699,27/07/2026 01:47,27/07/2026 01:47,15.10239053
5,1,20,0.1,50,1160.859048,1170.625862,1270.556072,1357.869226,1220.201964,1220.201964,27/07/2026 01:47,27/07/2026 01:47,38.34549022
5,1,20,0.1,100,1235.896783,1293.062922,1252.578209,1288.629092,1226.297206,1252.578209,27/07/2026 01:47,27/07/2026 01:49,77.03622913
5,1,20,0.5,5,1200.957417,1187.530822,1355.420741,1249.552334,1313.378038,1249.552334,27/07/2026 01:49,27/07/2026 01:49,3.566678524
5,1,20,0.5,20,1221.614434,1164.378907,1194.77023,1235.289407,1162.381377,1194.77023,27/07/2026 01:49,27/07/2026 01:49,16.35860491
5,1,20,0.5,50,1210.421639,1273.820682,1124.322645,1225.516962,1262.79459,1225.516962,27/07/2026 01:49,27/07/2026 01:50,45.66506457
5,1,20,0.5,100,1203.025078,1181.859055,1086.608474,1242.854446,1330.755723,1203.025078,27/07/2026 01:50,27/07/2026 01:51,78.49335885
5,1,20,0.7,5,1321.320289,1264.417693,1236.090384,1295.359033,1260.007127,1264.417693,27/07/2026 01:51,27/07/2026 01:51,3.838704586
5,1,20,0.7,20,1277.987547,1318.541576,1263.503532,1125.915384,1147.739954,1263.503532,27/07/2026 01:51,27/07/2026 01:51,14.79658794
5,1,20,0.7,50,1176.787751,1422.369144,1186.966179,1154.901199,1031.348367,1176.787751,27/07/2026 01:51,27/07/2026 01:52,37.47015262
5,1,20,0.7,100,1176.793629,1314.736478,1126.657827,1163.226633,1056.256028,1163.226633,27/07/2026 01:52,27/07/2026 01:53,74.36179471
5,1,20,1,5,1184.467076,1122.700384,1189.352452,1320.940386,1155.579448,1184.467076,27/07/2026 01:53,27/07/2026 01:53,3.452379942
5,1,20,1,20,1233.571894,1042.659486,1334.489818,1056.07601,1197.080777,1197.080777,27/07/2026 01:53,27/07/2026 01:54,15.26716089
5,1,20,1,50,1241.333281,1200.658894,1253.858506,1213.122313,1193.738899,1213.122313,27/07/2026 01:54,27/07/2026 01:54,38.43969917
5,1,20,1,100,1384.986754,1352.056738,1389.994554,1306.684956,1320.199839,1352.056738,27/07/2026 01:54,27/07/2026 01:55,72.44509578
5,1,50,0,5,1255.87059,1225.303546,1137.467392,1262.72636,1282.387919,1255.87059,27/07/2026 01:55,27/07/2026 01:56,10.72918487
5,1,50,0,20,1359.008344,1151.437555,1228.854416,1325.811145,1228.152877,1228.854416,27/07/2026 01:56,27/07/2026 01:56,43.27967191
5,1,50,0,50,1252.902178,1195.893837,1327.212966,1327.747258,1270.911655,1270.911655,27/07/2026 01:56,27/07/2026 01:58,101.3323016
5,1,50,0,100,1227.607503,1168.023708,1223.679833,1062.432946,1222.55541,1222.55541,27/07/2026 01:58,27/07/2026 02:00,139.511698
5,1,50,0.1,5,1115.619177,1073.995867,1100.33679,1172.520341,1055.330801,1100.33679,27/07/2026 02:00,27/07/2026 02:01,6.797279596
5,1,50,0.1,20,1190.271031,1326.235419,1227.726024,1259.327302,1221.02251,1227.726024,27/07/2026 02:01,27/07/2026 02:01,29.88373756
5,1,50,0.1,50,1359.95833,1249.72171,1267.892005,1423.073131,1224.802065,1267.892005,27/07/2026 02:01,27/07/2026 02:02,69.47802615
5,1,50,0.1,100,1219.623717,1284.019599,1204.118605,1262.958251,1416.471918,1262.958251,27/07/2026 02:02,27/07/2026 02:04,133.5272472
5,1,50,0.5,5,1338.538685,1061.118936,1238.836875,1128.787474,1357.649943,1238.836875,27/07/2026 02:04,27/07/2026 02:04,6.006964207
5,1,50,0.5,20,1134.317454,1283.095044,998.3796524,1303.65308,1249.740246,1249.740246,27/07/2026 02:04,27/07/2026 02:05,25.23322463
5,1,50,0.5,50,1012.588754,1283.777935,1079.734141,1317.746163,1250.827348,1250.827348,27/07/2026 02:05,27/07/2026 02:06,63.81976295
5,1,50,0.5,100,1272.882336,1200.283437,1230.336272,1259.349289,1234.773314,1234.773314,27/07/2026 02:06,27/07/2026 02:08,128.9932981
5,1,50,0.7,5,1229.407323,1226.56722,1160.808663,1195.780351,1156.245484,1195.780351,27/07/2026 02:08,27/07/2026 02:08,4.804216623
5,1,50,0.7,20,1217.959382,1355.314313,1325.712385,1269.457465,1338.926345,1325.712385,27/07/2026 02:08,27/07/2026 02:09,24.0147109
5,1,50,0.7,50,1177.208104,1183.115411,1276.79943,1240.764106,1075.333679,1183.115411,27/07/2026 02:09,27/07/2026 02:10,69.64611936
5,1,50,0.7,100,1226.7183,1239.296203,1104.461564,1204.54368,1178.673789,1204.54368,27/07/2026 02:10,27/07/2026 02:12,138.1682673
5,1,50,1,5,1121.406135,1303.870862,1174.822827,1090.28361,1221.509144,1174.822827,27/07/2026 02:12,27/07/2026 02:12,6.459536791
5,1,50,1,20,1169.652358,1147.925281,1090.785109,1314.383564,1146.124052,1147.925281,27/07/2026 02:12,27/07/2026 02:13,26.24474144
5,1,50,1,50,1164.938456,1204.218548,1259.469675,1209.985511,1060.680501,1204.218548,27/07/2026 02:13,27/07/2026 02:14,64.20582199
5,1,50,1,100,1244.516111,1197.485771,1210.603206,1223.98881,1246.02585,1223.98881,27/07/2026 02:14,27/07/2026 02:16,109.0827324
5,1,100,0,5,1241.041949,1199.018246,1201.296656,1240.997942,1249.046711,1240.997942,27/07/2026 02:16,27/07/2026 02:16,11.54544735
5,1,100,0,20,1347.662514,1267.658322,1289.822413,1193.657081,1204.026831,1267.658322,27/07/2026 02:16,27/07/2026 02:16,43.82547402
5,1,100,0,50,1412.244115,1248.905933,1403.345488,1320.679799,1289.986203,1320.679799,27/07/2026 02:16,27/07/2026 02:18,121.646817
5,1,100,0,100,1356.184302,1182.531147,1189.83396,1149.090606,1170.728392,1182.531147,27/07/2026 02:18,27/07/2026 02:23,251.5324788
5,1,100,0.1,5,1180.773331,1333.811648,1259.15221,1305.664258,1264.328407,1264.328407,27/07/2026 02:23,27/07/2026 02:23,9.86824894
5,1,100,0.1,20,1266.608618,1173.513765,1238.296556,1089.104065,1212.792522,1212.792522,27/07/2026 02:23,27/07/2026 02:23,40.71768165
5,1,100,0.1,50,1250.057121,1298.694491,1224.086208,1217.228466,1238.290981,1238.290981,27/07/2026 02:23,27/07/2026 02:25,101.8396318
5,1,100,0.1,100,1287.260213,1257.597307,1243.891757,1246.139946,1252.78938,1252.78938,27/07/2026 02:25,27/07/2026 02:28,196.2831485
5,1,100,0.5,5,1270.312547,1284.158289,1252.638488,1186.046957,1186.816881,1252.638488,27/07/2026 02:28,27/07/2026 02:29,9.103292227
5,1,100,0.5,20,1230.608532,1213.170159,1226.810411,1272.031231,1237.870974,1230.608532,27/07/2026 02:29,27/07/2026 02:29,37.38941598
5,1,100,0.5,50,1135.188716,1257.163592,1347.731692,1306.731282,1294.955422,1294.955422,27/07/2026 02:29,27/07/2026 02:31,94.6564641
5,1,100,0.5,100,1128.338933,1185.979753,1196.231317,1145.545942,1300.841586,1185.979753,27/07/2026 02:31,27/07/2026 02:34,188.8477302
5,1,100,0.7,5,1216.847258,1203.138481,1180.972944,1298.55638,1360.366261,1216.847258,27/07/2026 02:34,27/07/2026 02:34,9.455031395
5,1,100,0.7,20,1186.189983,1069.072893,1201.805309,1250.278803,1305.408844,1201.805309,27/07/2026 02:34,27/07/2026 02:35,37.37014842
5,1,100,0.7,50,1256.384666,1227.108198,1157.726124,1092.500517,1273.49185,1227.108198,27/07/2026 02:35,27/07/2026 02:36,92.21018934
5,1,100,0.7,100,1100.85463,1263.767174,1166.072703,1262.49343,1154.386804,1166.072703,27/07/2026 02:36,27/07/2026 02:39,186.7632625
5,1,100,1,5,1293.422522,1282.249241,1262.520204,1181.064311,1217.796082,1262.520204,27/07/2026 02:39,27/07/2026 02:40,8.851784229
5,1,100,1,20,1360.269309,1169.011375,1164.769782,1179.411442,1292.992148,1179.411442,27/07/2026 02:40,27/07/2026 02:40,35.49138188
5,1,100,1,50,1265.034887,1282.041455,1263.114969,1121.876861,1236.757676,1263.114969,27/07/2026 02:40,27/07/2026 02:42,90.89758158
5,1,100,1,100,1141.372488,1146.643912,1239.000194,1180.21002,1227.291022,1180.21002,27/07/2026 02:42,27/07/2026 02:45,181.8230762
50,0,5,0,5,1150.475601,1206.266876,1198.483026,1343.209927,1238.718553,1206.266876,27/07/2026 02:45,27/07/2026 02:45,0.492067814
50,0,5,0,20,1244.399842,1189.973611,1290.305063,1143.174283,1208.693104,1208.693104,27/07/2026 02:45,27/07/2026 02:45,1.920927763
50,0,5,0,50,1097.768913,1325.184676,1146.358958,1223.776708,1081.024012,1146.358958,27/07/2026 02:45,27/07/2026 02:45,4.732455969
50,0,5,0,100,1091.091401,1098.256533,1097.12902,1245.568553,1170.521979,1098.256533,27/07/2026 02:45,27/07/2026 02:45,9.237132072
50,0,5,0.1,5,1071.992598,1353.288623,1172.680565,1209.012281,1157.441325,1172.680565,27/07/2026 02:45,27/07/2026 02:45,0.665019751
50,0,5,0.1,20,1374.590079,1301.640417,1108.935436,1218.947126,1203.460382,1218.947126,27/07/2026 02:45,27/07/2026 02:45,2.657578468
50,0,5,0.1,50,1121.366145,1203.92886,1232.318601,1210.210475,1304.131843,1210.210475,27/07/2026 02:45,27/07/2026 02:45,6.50492239
50,0,5,0.1,100,1453.829219,1146.62522,1167.263455,1307.252928,1166.896928,1167.263455,27/07/2026 02:45,27/07/2026 02:45,13.00229931
50,0,5,0.5,5,1126.188213,1220.810362,1346.956213,1163.216623,1241.902983,1220.810362,27/07/2026 02:45,27/07/2026 02:45,1.297950745
50,0,5,0.5,20,1234.888808,1461.658601,1378.633455,1166.946425,1317.461358,1317.461358,27/07/2026 02:45,27/07/2026 02:45,5.544187546
50,0,5,0.5,50,1224.177246,1113.984608,1387.111525,1192.064905,1168.345953,1192.064905,27/07/2026 02:45,27/07/2026 02:46,13.71719599
50,0,5,0.5,100,1232.069863,1345.223796,1307.737006,1288.931946,1233.693868,1288.931946,27/07/2026 02:46,27/07/2026 02:46,27.15732145
50,0,5,0.7,5,1176.216108,1155.070474,1295.937313,1155.763201,1196.831096,1176.216108,27/07/2026 02:46,27/07/2026 02:46,1.867951393
50,0,5,0.7,20,1171.60032,1057.704634,1299.418307,1199.205521,1205.194985,1199.205521,27/07/2026 02:46,27/07/2026 02:46,6.878790379
50,0,5,0.7,50,1197.356444,1275.92279,1105.690137,1281.793183,1319.358978,1275.92279,27/07/2026 02:46,27/07/2026 02:47,17.3822732
50,0,5,0.7,100,1336.266879,1271.430868,1301.688468,1315.232783,1268.721575,1301.688468,27/07/2026 02:47,27/07/2026 02:47,34.78161693
50,0,5,1,5,1315.355745,1277.084607,1241.803378,1303.109372,1160.664747,1277.084607,27/07/2026 02:47,27/07/2026 02:47,2.287906885
50,0,5,1,20,1136.467568,1335.139608,1236.543386,1133.880432,1275.91668,1236.543386,27/07/2026 02:47,27/07/2026 02:47,9.847170115
50,0,5,1,50,1113.153716,1302.43801,1245.030547,1157.096767,1389.56337,1245.030547,27/07/2026 02:47,27/07/2026 02:48,23.32532811
50,0,5,1,100,1285.064519,1290.464646,1288.92842,1241.633379,1218.298809,1285.064519,27/07/2026 02:48,27/07/2026 02:49,47.64830637
50,0,20,0,5,1201.961365,1241.624527,1191.80124,1264.33542,1247.027714,1241.624527,27/07/2026 02:49,27/07/2026 02:49,0.596448898
50,0,20,0,20,1109.424207,1182.026648,1153.458122,1151.004253,1285.715311,1153.458122,27/07/2026 02:49,27/07/2026 02:49,2.397037983
50,0,20,0,50,1295.168025,1173.85352,1328.857817,1235.067599,1371.890438,1295.168025,27/07/2026 02:49,27/07/2026 02:49,5.85755682
50,0,20,0,100,1121.356736,1237.447921,1113.888514,1184.705608,1117.977146,1121.356736,27/07/2026 02:49,27/07/2026 02:49,11.72501707
50,0,20,0.1,5,1146.636889,1203.92405,1177.106641,1258.907001,1226.238969,1203.92405,27/07/2026 02:49,27/07/2026 02:49,1.20585537
50,0,20,0.1,20,1272.66351,1257.565365,1237.837489,1206.688866,1348.406349,1257.565365,27/07/2026 02:49,27/07/2026 02:49,4.981643915
50,0,20,0.1,50,1215.392167,1071.964501,1168.30951,1126.097488,1251.353515,1168.30951,27/07/2026 02:49,27/07/2026 02:49,12.05661368
50,0,20,0.1,100,1206.626139,1211.581928,1091.635685,1081.060295,1211.492866,1206.626139,27/07/2026 02:49,27/07/2026 02:50,24.72838068
50,0,20,0.5,5,1170.43759,1331.13505,1236.505936,1235.524046,1249.604837,1236.505936,27/07/2026 02:50,27/07/2026 02:50,3.864224911
50,0,20,0.5,20,1192.152759,1125.407053,1218.459038,1069.973683,1146.084479,1146.084479,27/07/2026 02:50,27/07/2026 02:50,14.85215116
50,0,20,0.5,50,1155.91098,1166.820107,1243.059505,1186.80496,1186.968291,1186.80496,27/07/2026 02:50,27/07/2026 02:51,36.34927011
50,0,20,0.5,100,1197.836609,1325.893904,1277.903919,1184.480565,1251.96991,1251.96991,27/07/2026 02:51,27/07/2026 02:52,74.56219912
50,0,20,0.7,5,1267.197824,1287.598616,1214.045149,1321.654548,1265.893364,1267.197824,27/07/2026 02:52,27/07/2026 02:52,5.274673939
50,0,20,0.7,20,1290.415218,1264.057419,1295.891693,1231.542806,1144.342965,1264.057419,27/07/2026 02:52,27/07/2026 02:52,20.30662537
50,0,20,0.7,50,1261.414904,1247.14505,1137.563702,1219.894444,1189.826021,1219.894444,27/07/2026 02:52,27/07/2026 02:53,54.84672165
50,0,20,0.7,100,1175.765682,1159.137372,1305.912767,1232.360448,1186.366674,1186.366674,27/07/2026 02:53,27/07/2026 02:55,104.0612643
50,0,20,1,5,1326.018277,1199.181415,1250.427237,1291.825925,1141.930869,1250.427237,27/07/2026 02:55,27/07/2026 02:55,7.823038816
50,0,20,1,20,1339.114309,1286.094351,1013.614774,1336.068268,1068.520815,1286.094351,27/07/2026 02:55,27/07/2026 02:56,32.19662118
50,0,20,1,50,1163.961068,1192.149324,1168.197198,1246.058339,1261.775796,1192.149324,27/07/2026 02:56,27/07/2026 02:57,81.79773235
50,0,20,1,100,1227.274158,1198.809536,1264.994056,1035.685779,1182.788807,1198.809536,27/07/2026 02:57,27/07/2026 02:59,150.3056002
50,0,50,0,5,1124.158964,1297.328054,1288.892551,1167.605407,1143.665676,1167.605407,27/07/2026 02:59,27/07/2026 02:59,0.833295584
50,0,50,0,20,1278.74523,1288.834133,1243.372627,1138.962061,1211.845818,1243.372627,27/07/2026 02:59,27/07/2026 02:59,3.313253403
50,0,50,0,50,1281.164059,1142.612469,1291.213494,1217.91402,1301.227161,1281.164059,27/07/2026 02:59,27/07/2026 03:00,8.310703278
50,0,50,0,100,1224.299254,1219.003596,1386.848059,1167.997151,1293.920784,1224.299254,27/07/2026 03:00,27/07/2026 03:00,16.32236314
50,0,50,0.1,5,1165.070895,1199.78061,1034.770329,1131.764464,1089.294616,1131.764464,27/07/2026 03:00,27/07/2026 03:00,2.624840021
50,0,50,0.1,20,1267.835712,1296.818148,1155.900173,1158.980334,1162.399884,1162.399884,27/07/2026 03:00,27/07/2026 03:00,9.943991661
50,0,50,0.1,50,1312.282152,1323.628815,1287.932621,1283.954435,1178.066707,1287.932621,27/07/2026 03:00,27/07/2026 03:00,23.61283875
50,0,50,0.1,100,1271.457416,1192.057391,1121.546676,1369.630225,1212.957666,1212.957666,27/07/2026 03:00,27/07/2026 03:01,44.97240257
50,0,50,0.5,5,1373.514237,1119.314786,1053.031287,1261.954511,1206.906777,1206.906777,27/07/2026 03:01,27/07/2026 03:01,8.276847601
50,0,50,0.5,20,1168.871934,1182.985039,1204.523267,1328.216398,1124.53085,1182.985039,27/07/2026 03:01,27/07/2026 03:02,30.45722032
50,0,50,0.5,50,1147.421169,1162.945806,1250.757286,1293.886176,1200.547259,1200.547259,27/07/2026 03:02,27/07/2026 03:03,79.21240592
50,0,50,0.5,100,1259.914634,1329.587477,1153.741311,1139.092023,1225.461994,1225.461994,27/07/2026 03:03,27/07/2026 03:06,154.7455974
50,0,50,0.7,5,1264.276486,1087.090991,1139.633783,1136.842498,1241.706097,1139.633783,27/07/2026 03:06,27/07/2026 03:06,9.473819017
50,0,50,0.7,20,1248.118831,1251.490929,1252.252142,1255.2258,1225.043916,1251.490929,27/07/2026 03:06,27/07/2026 03:07,44.0355103
50,0,50,0.7,50,1212.855638,1439.269383,1198.143986,1131.5446,1226.701405,1212.855638,27/07/2026 03:07,27/07/2026 03:09,116.214999
50,0,50,0.7,100,1237.274433,1130.25275,1379.029096,1294.724486,1158.488167,1237.274433,27/07/2026 03:09,27/07/2026 03:12,227.478286
50,0,50,1,5,1142.335763,1272.718025,1208.479145,1193.332737,1231.843571,1208.479145,27/07/2026 03:12,27/07/2026 03:13,15.3633604
50,0,50,1,20,1148.756016,1270.640027,1373.466854,1140.446327,1317.837304,1270.640027,27/07/2026 03:13,27/07/2026 03:14,74.93906617
50,0,50,1,50,1273.823829,1278.521088,1093.29537,1252.150765,1150.802834,1252.150765,27/07/2026 03:14,27/07/2026 03:17,178.4746222
50,0,50,1,100,1237.898504,1080.146824,1319.137722,1234.459302,1141.213818,1234.459302,27/07/2026 03:17,27/07/2026 03:23,363.7660096
50,0,100,0,5,1112.37251,1255.950449,1139.417348,1220.027349,1226.53195,1220.027349,27/07/2026 03:23,27/07/2026 03:23,1.229314089
50,0,100,0,20,1348.667746,1225.787145,1230.120408,1142.739431,1120.342127,1225.787145,27/07/2026 03:23,27/07/2026 03:23,4.884566069
50,0,100,0,50,1234.095924,1182.641865,1283.311286,1125.354225,1229.691354,1229.691354,27/07/2026 03:23,27/07/2026 03:23,12.16714692
50,0,100,0,100,1192.857218,1069.720091,1170.617979,1197.751403,1175.731944,1175.731944,27/07/2026 03:23,27/07/2026 03:24,24.2441318
50,0,100,0.1,5,1221.455429,1269.121813,1299.175546,1152.007782,1231.018936,1231.018936,27/07/2026 03:24,27/07/2026 03:24,3.264061689
50,0,100,0.1,20,1212.835003,1234.75413,1171.898927,1123.344474,1281.198371,1212.835003,27/07/2026 03:24,27/07/2026 03:24,15.10199642
50,0,100,0.1,50,1091.365398,1182.011593,1314.363032,1073.868276,1330.22216,1182.011593,27/07/2026 03:24,27/07/2026 03:25,37.4880302
50,0,100,0.1,100,1134.71558,1323.726428,1054.205928,1278.608719,1071.760168,1134.71558,27/07/2026 03:25,27/07/2026 03:26,76.21941471
50,0,100,0.5,5,1153.988525,1050.613827,1287.638347,1204.919218,1230.278579,1204.919218,27/07/2026 03:26,27/07/2026 03:26,12.19767809
50,0,100,0.5,20,1187.463783,1180.902822,1103.148645,1128.088845,1227.546965,1180.902822,27/07/2026 03:26,27/07/2026 03:27,59.17039037
50,0,100,0.5,50,1222.893353,1285.293464,1176.21164,1068.771129,1103.17045,1176.21164,27/07/2026 03:27,27/07/2026 03:29,146.3617554
50,0,100,0.5,100,1309.265164,1277.358487,1353.608638,1250.832958,1381.060103,1309.265164,27/07/2026 03:29,27/07/2026 03:34,271.5171347
50,0,100,0.7,5,1138.715165,1214.545181,1289.806295,1139.92398,1160.884594,1160.884594,27/07/2026 03:34,27/07/2026 03:34,19.62866521
50,0,100,0.7,20,1072.740275,1194.489898,1361.983719,1222.314637,1179.557067,1194.489898,27/07/2026 03:34,27/07/2026 03:36,88.28369784
50,0,100,0.7,50,1180.08633,1203.561939,1241.386183,1264.071893,1206.695087,1206.695087,27/07/2026 03:36,27/07/2026 03:39,200.6251345
50,0,100,0.7,100,1210.670836,1102.876755,1225.54451,1325.977867,1220.038457,1220.038457,27/07/2026 03:39,27/07/2026 03:46,410.1211193
50,0,100,1,5,1368.788883,1253.304778,1239.823739,1183.024431,1274.561369,1253.304778,27/07/2026 03:46,27/07/2026 03:47,38.60063028
50,0,100,1,20,1205.893033,1324.85944,1199.904184,1234.217344,1296.287316,1234.217344,27/07/2026 03:47,27/07/2026 03:49,158.0039101
50,0,100,1,50,1173.37153,1268.556761,1056.730521,1162.627404,1217.185409,1173.37153,27/07/2026 03:49,27/07/2026 03:55,367.1093817
50,0,100,1,100,1237.76895,1221.027342,1143.242449,1125.991476,1240.901598,1221.027342,27/07/2026 03:55,27/07/2026 04:07,685.9934602
50,0.1,5,0,5,1360.792854,1249.547996,1144.990155,1262.002451,1245.873431,1249.547996,27/07/2026 04:07,27/07/2026 04:07,0.795620203
50,0.1,5,0,20,1137.114862,1328.742585,1112.874035,1286.703542,1216.130487,1216.130487,27/07/2026 04:07,27/07/2026 04:07,3.233751297
50,0.1,5,0,50,1287.874067,1333.291459,1285.186116,1275.697981,1245.750649,1285.186116,27/07/2026 04:07,27/07/2026 04:07,7.878526926
50,0.1,5,0,100,1071.30006,1229.467803,1153.547164,1164.786047,1329.038105,1164.786047,27/07/2026 04:07,27/07/2026 04:07,15.52869034
50,0.1,5,0.1,5,1243.641941,1122.020759,1165.904577,1351.728772,1292.932537,1243.641941,27/07/2026 04:07,27/07/2026 04:07,0.916510582
50,0.1,5,0.1,20,1151.702704,1122.227989,1265.184479,1220.834311,1172.907187,1172.907187,27/07/2026 04:07,27/07/2026 04:07,3.96346879
50,0.1,5,0.1,50,1084.45529,1209.399835,1154.110086,1382.393681,1287.960553,1209.399835,27/07/2026 04:07,27/07/2026 04:07,9.644697189
50,0.1,5,0.1,100,1232.649667,1185.233294,1264.745708,1194.857491,1174.13908,1194.857491,27/07/2026 04:07,27/07/2026 04:08,19.25871873
50,0.1,5,0.5,5,1341.332299,1220.146013,1266.679055,1349.927504,1241.707604,1266.679055,27/07/2026 04:08,27/07/2026 04:08,1.629044771
50,0.1,5,0.5,20,1261.099104,1111.370776,1230.536607,1273.712172,1346.802366,1261.099104,27/07/2026 04:08,27/07/2026 04:08,6.661354542
50,0.1,5,0.5,50,1249.219425,1330.354161,1348.002942,1211.602391,1220.294216,1249.219425,27/07/2026 04:08,27/07/2026 04:08,16.76115918
50,0.1,5,0.5,100,1196.162649,1199.559283,1250.135157,1312.019777,1101.434834,1199.559283,27/07/2026 04:08,27/07/2026 04:09,33.37367964
50,0.1,5,0.7,5,1179.19602,1396.263024,1150.827083,1233.700306,1151.984287,1179.19602,27/07/2026 04:09,27/07/2026 04:09,2.145548105
50,0.1,5,0.7,20,1256.504126,1155.533711,1240.072063,1317.049187,1314.035617,1256.504126,27/07/2026 04:09,27/07/2026 04:09,8.405487537
50,0.1,5,0.7,50,1300.412718,1108.802209,1220.969699,1043.114992,1381.701299,1220.969699,27/07/2026 04:09,27/07/2026 04:09,20.69176412
50,0.1,5,0.7,100,1161.071175,1219.71759,1272.297926,1128.895632,1250.930863,1219.71759,27/07/2026 04:09,27/07/2026 04:10,41.28578448
50,0.1,5,1,5,1130.497196,1034.658853,1215.604186,1258.247397,1304.230337,1215.604186,27/07/2026 04:10,27/07/2026 04:10,2.616564512
50,0.1,5,1,20,1232.089396,1244.691472,1127.387983,1321.670733,1222.872316,1232.089396,27/07/2026 04:10,27/07/2026 04:10,10.36299825
50,0.1,5,1,50,1290.223348,1313.158207,1304.815944,1155.315238,1313.839077,1304.815944,27/07/2026 04:10,27/07/2026 04:11,27.03277445
50,0.1,5,1,100,1210.165909,1217.077049,1157.294105,1273.59605,1270.444766,1217.077049,27/07/2026 04:11,27/07/2026 04:12,51.36315227
50,0.1,20,0,5,1273.780563,1241.277632,1079.807303,1285.444172,1274.156429,1273.780563,27/07/2026 04:12,27/07/2026 04:12,2.062295437
50,0.1,20,0,20,1243.405735,1182.98246,1306.554199,1163.551915,1221.829867,1221.829867,27/07/2026 04:12,27/07/2026 04:12,8.37022233
50,0.1,20,0,50,1218.242439,1212.808473,1187.074324,1315.129777,1358.19764,1218.242439,27/07/2026 04:12,27/07/2026 04:12,19.0064621
50,0.1,20,0,100,1218.910618,1301.494265,1309.899259,1115.371646,1198.700701,1218.910618,27/07/2026 04:12,27/07/2026 04:13,38.88771439
50,0.1,20,0.1,5,1302.361981,1177.182027,1141.463056,1044.965754,1188.512663,1177.182027,27/07/2026 04:13,27/07/2026 04:13,2.418873549
50,0.1,20,0.1,20,1088.302323,1031.484757,1156.63255,1127.073041,1197.243748,1127.073041,27/07/2026 04:13,27/07/2026 04:13,10.76528263
50,0.1,20,0.1,50,1233.619798,1292.822299,1147.86769,1214.424936,1243.031928,1233.619798,27/07/2026 04:13,27/07/2026 04:13,26.67114615
50,0.1,20,0.1,100,1087.053341,1265.613327,1229.996852,1317.199236,1195.531225,1229.996852,27/07/2026 04:13,27/07/2026 04:14,52.60680246
50,0.1,20,0.5,5,1171.704338,1266.672649,1364.305072,1231.612156,1281.62534,1266.672649,27/07/2026 04:14,27/07/2026 04:14,4.762744904
50,0.1,20,0.5,20,1272.338598,1219.495843,1126.173792,1177.45127,1162.532567,1177.45127,27/07/2026 04:14,27/07/2026 04:15,21.03898835
50,0.1,20,0.5,50,1223.320441,1305.076963,1457.733275,1207.031566,1146.667381,1223.320441,27/07/2026 04:15,27/07/2026 04:16,55.31194949
50,0.1,20,0.5,100,1270.36556,1195.988407,1200.524021,1312.350441,1342.007341,1270.36556,27/07/2026 04:16,27/07/2026 04:17,108.0185657
50,0.1,20,0.7,5,1342.766057,1184.995827,1150.791884,1295.373482,1457.310559,1295.373482,27/07/2026 04:17,27/07/2026 04:17,6.892780066
50,0.1,20,0.7,20,1152.007663,1337.078705,1250.556296,1312.994872,1200.122727,1250.556296,27/07/2026 04:17,27/07/2026 04:18,30.45692873
50,0.1,20,0.7,50,1170.516695,1271.551057,1169.355617,1165.388716,1173.064393,1170.516695,27/07/2026 04:18,27/07/2026 04:19,68.31119251
50,0.1,20,0.7,100,1279.841291,1265.020834,1217.19715,1138.641642,1164.098917,1217.19715,27/07/2026 04:19,27/07/2026 04:21,137.1426144
50,0.1,20,1,5,1218.088197,1253.925781,1099.964188,1381.432352,1104.439427,1218.088197,27/07/2026 04:21,27/07/2026 04:22,9.015976906
50,0.1,20,1,20,1181.750275,1149.984412,1349.379761,1276.831489,1287.405318,1276.831489,27/07/2026 04:22,27/07/2026 04:22,37.12939453
50,0.1,20,1,50,1155.941765,1180.536002,1118.138146,1169.713157,1303.74984,1169.713157,27/07/2026 04:22,27/07/2026 04:24,95.04755688
50,0.1,20,1,100,1346.069655,1224.017388,1257.112997,1225.871834,1319.937977,1257.112997,27/07/2026 04:24,27/07/2026 04:27,182.5246065
50,0.1,50,0,5,1293.087493,1154.100648,1295.210654,1187.86936,1334.865746,1293.087493,27/07/2026 04:27,27/07/2026 04:27,4.397006512
50,0.1,50,0,20,1208.888334,1269.937552,1139.080111,1161.11627,1202.82105,1202.82105,27/07/2026 04:27,27/07/2026 04:27,16.82807136
50,0.1,50,0,50,1206.65437,1175.822616,1139.225124,1170.389885,1082.692854,1170.389885,27/07/2026 04:27,27/07/2026 04:28,41.84989047
50,0.1,50,0,100,1371.570178,1277.799171,1159.946797,1193.322644,1181.075983,1193.322644,27/07/2026 04:28,27/07/2026 04:29,85.63695812
50,0.1,50,0.1,5,1266.904145,1107.018484,1104.566902,1079.048262,1232.914917,1107.018484,27/07/2026 04:29,27/07/2026 04:29,6.002440214
50,0.1,50,0.1,20,1231.899941,1285.969631,1211.18522,1187.570403,1146.106229,1211.18522,27/07/2026 04:29,27/07/2026 04:30,23.50543809
50,0.1,50,0.1,50,1174.159054,1273.879596,1281.768453,1268.257365,1116.611967,1268.257365,27/07/2026 04:30,27/07/2026 04:31,58.59176993
50,0.1,50,0.1,100,1205.403774,1179.022583,1177.061352,1371.300026,1201.591357,1201.591357,27/07/2026 04:31,27/07/2026 04:33,116.8458619
50,0.1,50,0.5,5,1247.344529,1185.854007,1199.634994,1126.152589,1219.277661,1199.634994,27/07/2026 04:33,27/07/2026 04:33,11.82648993
50,0.1,50,0.5,20,1288.509185,1169.569566,1198.173552,1170.94975,1249.969577,1198.173552,27/07/2026 04:33,27/07/2026 04:34,47.07164288
50,0.1,50,0.5,50,1243.728683,1173.017344,1238.550682,1377.6959,1077.054446,1238.550682,27/07/2026 04:34,27/07/2026 04:36,120.0626099
50,0.1,50,0.5,100,1235.763939,1222.508467,1265.97075,1245.688811,1461.916254,1245.688811,27/07/2026 04:36,27/07/2026 04:40,235.7461085
50,0.1,50,0.7,5,1082.406537,1308.486188,1251.233431,1421.69028,1252.668078,1252.668078,27/07/2026 04:40,27/07/2026 04:40,17.44250059
50,0.1,50,0.7,20,1243.577939,1198.125935,1264.318748,1180.423915,1219.340935,1219.340935,27/07/2026 04:40,27/07/2026 04:41,69.15107346
50,0.1,50,0.7,50,1228.422642,1268.56968,1338.132406,1238.727611,1153.180592,1238.727611,27/07/2026 04:41,27/07/2026 04:44,159.2254684
50,0.1,50,0.7,100,1314.53607,1073.127601,1337.823489,1126.867824,1298.154117,1298.154117,27/07/2026 04:44,27/07/2026 04:49,323.1816344
50,0.1,50,1,5,1340.051539,1265.410845,1237.809451,1321.698835,1162.600106,1265.410845,27/07/2026 04:49,27/07/2026 04:49,21.78875637
50,0.1,50,1,20,1279.946713,1171.641651,1094.471026,1198.820434,1254.135755,1198.820434,27/07/2026 04:49,27/07/2026 04:51,92.768049
50,0.1,50,1,50,1230.117867,1078.945489,1138.672565,1238.770343,1257.042482,1230.117867,27/07/2026 04:51,27/07/2026 04:55,231.173841
50,0.1,50,1,100,1243.156756,1137.609357,1238.027252,1184.320493,1313.630047,1238.027252,27/07/2026 04:55,27/07/2026 05:03,463.9476407
50,0.1,100,0,5,1263.183402,1181.290044,1142.498763,1334.184351,1144.820373,1181.290044,27/07/2026 05:03,27/07/2026 05:03,7.738918781
50,0.1,100,0,20,1315.663082,1270.160731,1220.244871,1085.567736,1014.264723,1220.244871,27/07/2026 05:03,27/07/2026 05:03,32.50966644
50,0.1,100,0,50,1198.066074,1196.663845,1331.533865,1318.759178,1256.64215,1256.64215,27/07/2026 05:03,27/07/2026 05:05,81.26028872
50,0.1,100,0,100,1279.098111,1070.031925,1226.858282,1187.352255,1253.47615,1226.858282,27/07/2026 05:05,27/07/2026 05:07,159.1996284
50,0.1,100,0.1,5,1229.460541,1415.356713,1321.166263,1216.071639,1280.691608,1280.691608,27/07/2026 05:07,27/07/2026 05:07,11.46139264
50,0.1,100,0.1,20,1175.190142,1176.307415,1251.867348,1180.243216,1334.754338,1180.243216,27/07/2026 05:07,27/07/2026 05:08,43.73595119
50,0.1,100,0.1,50,1317.946898,1106.580121,1087.264731,1359.029594,1231.249937,1231.249937,27/07/2026 05:08,27/07/2026 05:10,107.6254578
50,0.1,100,0.1,100,1323.841095,1381.977561,1357.678212,1401.075622,1214.733059,1357.678212,27/07/2026 05:10,27/07/2026 05:14,222.2703972
50,0.1,100,0.5,5,1297.049269,1089.818803,1219.344589,1310.439536,1152.749942,1219.344589,27/07/2026 05:14,27/07/2026 05:14,22.16326118
50,0.1,100,0.5,20,1287.83984,1190.382406,1228.776824,1274.539856,1221.897127,1228.776824,27/07/2026 05:14,27/07/2026 05:16,92.2508285
50,0.1,100,0.5,50,1374.718883,1168.84818,1194.387816,1201.886785,1347.194595,1201.886785,27/07/2026 05:16,27/07/2026 05:19,223.693002
50,0.1,100,0.5,100,1179.462618,1253.245257,1195.951663,1309.04581,1166.63913,1195.951663,27/07/2026 05:19,27/07/2026 05:27,469.1928048
50,0.1,100,0.7,5,1182.566226,1177.920284,1217.218386,1307.676249,1167.120263,1182.566226,27/07/2026 05:27,27/07/2026 05:28,34.25165939
50,0.1,100,0.7,20,1144.310689,1184.596293,1222.460447,1188.365799,1245.168004,1188.365799,27/07/2026 05:28,27/07/2026 05:30,134.9464617
50,0.1,100,0.7,50,1329.408504,1269.29704,1285.886354,1183.331149,1125.926421,1269.29704,27/07/2026 05:30,27/07/2026 05:35,317.6171908
50,0.1,100,0.7,100,1421.027534,1302.348843,1299.739841,1189.94075,1256.261215,1299.739841,27/07/2026 05:35,27/07/2026 05:46,627.186404
50,0.1,100,1,5,1240.769695,1257.654805,1249.300918,1237.878766,1174.764963,1240.769695,27/07/2026 05:46,27/07/2026 05:46,45.2068243
50,0.1,100,1,20,1128.686697,1239.978134,1334.71004,1226.204739,1353.055442,1239.978134,27/07/2026 05:46,27/07/2026 05:50,191.0169566
50,0.1,100,1,50,1330.163812,1199.724005,1197.923212,1304.810579,1236.541122,1236.541122,27/07/2026 05:50,27/07/2026 05:58,496.7134736
50,0.1,100,1,100,1298.351457,1202.527312,1139.074417,1294.0282,1338.399718,1294.0282,27/07/2026 05:58,27/07/2026 06:13,933.6185086
50,0.5,5,0,5,1271.29315,1273.222625,957.2615391,1324.362753,1265.044257,1271.29315,27/07/2026 06:13,27/07/2026 06:14,2.179569006
50,0.5,5,0,20,1118.757837,957.7428647,1137.970374,1258.186889,1140.502587,1137.970374,27/07/2026 06:14,27/07/2026 06:14,8.617579699
50,0.5,5,0,50,1241.031208,1172.173796,1151.073231,1010.360193,1223.711329,1172.173796,27/07/2026 06:14,27/07/2026 06:14,21.54302669
50,0.5,5,0,100,1282.9313,1250.558099,1057.296022,1138.766325,1190.921711,1190.921711,27/07/2026 06:14,27/07/2026 06:15,43.08495665
50,0.5,5,0.1,5,1264.455217,1206.042143,1124.439598,1092.544228,1167.27832,1167.27832,27/07/2026 06:15,27/07/2026 06:15,2.359641552
50,0.5,5,0.1,20,1218.632221,1322.396541,1190.434032,1122.649948,1379.726904,1218.632221,27/07/2026 06:15,27/07/2026 06:15,9.231638432
50,0.5,5,0.1,50,1229.482919,1235.497496,1335.985697,1195.850554,1202.026093,1229.482919,27/07/2026 06:15,27/07/2026 06:15,23.01969552
50,0.5,5,0.1,100,1314.313574,1186.504316,1262.821962,1230.907702,1154.378035,1230.907702,27/07/2026 06:15,27/07/2026 06:16,45.89206314
50,0.5,5,0.5,5,1088.927862,1342.707567,1202.01969,1200.715401,1193.649092,1200.715401,27/07/2026 06:16,27/07/2026 06:16,2.840936422
50,0.5,5,0.5,20,1226.341652,1182.567496,1220.38546,1203.360305,1110.995602,1203.360305,27/07/2026 06:16,27/07/2026 06:16,11.23176599
50,0.5,5,0.5,50,1348.465396,1120.692627,1175.591327,1086.52505,1188.879676,1175.591327,27/07/2026 06:16,27/07/2026 06:17,28.16092706
50,0.5,5,0.5,100,1092.751642,1315.966865,1215.457778,1407.219253,1322.421392,1315.966865,27/07/2026 06:17,27/07/2026 06:18,56.7023983
50,0.5,5,0.7,5,1175.592979,1176.323896,1344.051713,1179.545487,1341.526833,1179.545487,27/07/2026 06:18,27/07/2026 06:18,3.090851307
50,0.5,5,0.7,20,1196.068964,1295.607068,1152.180443,1313.323455,1306.243312,1295.607068,27/07/2026 06:18,27/07/2026 06:18,12.20346713
50,0.5,5,0.7,50,1153.73803,1344.162066,1283.899558,1332.861247,1261.581187,1283.899558,27/07/2026 06:18,27/07/2026 06:19,31.04667091
50,0.5,5,0.7,100,1230.845275,1232.001496,1215.241808,1190.382195,1204.275474,1215.241808,27/07/2026 06:19,27/07/2026 06:20,62.09584498
50,0.5,5,1,5,1163.532969,1143.376409,1210.738021,1363.309621,1366.365758,1210.738021,27/07/2026 06:20,27/07/2026 06:20,3.490809441
50,0.5,5,1,20,1345.349238,1163.616048,1042.048433,1305.813099,1106.404266,1163.616048,27/07/2026 06:20,27/07/2026 06:20,14.05108309
50,0.5,5,1,50,1308.753166,1177.773559,1285.227035,1024.448697,1180.832677,1180.832677,27/07/2026 06:20,27/07/2026 06:20,35.04361701
50,0.5,5,1,100,1189.836683,1340.995427,1240.913627,1291.124801,1177.175574,1240.913627,27/07/2026 06:20,27/07/2026 06:22,69.80166483
50,0.5,20,0,5,1320.918479,1176.171891,1145.206783,1208.14379,1303.803064,1208.14379,27/07/2026 06:22,27/07/2026 06:22,7.660844803
50,0.5,20,0,20,1143.341128,1311.806707,1100.90912,1297.52085,1200.354227,1200.354227,27/07/2026 06:22,27/07/2026 06:22,30.99633527
50,0.5,20,0,50,1197.661244,1202.795054,1202.225464,1301.69596,1158.049911,1202.225464,27/07/2026 06:22,27/07/2026 06:24,76.75515795
50,0.5,20,0,100,1231.695524,1151.025669,1125.147116,1192.849146,1193.730274,1192.849146,27/07/2026 06:24,27/07/2026 06:26,152.6220937
50,0.5,20,0.1,5,1213.497078,1073.845449,1172.560768,1171.408529,1364.359028,1172.560768,27/07/2026 06:26,27/07/2026 06:26,8.128470659
50,0.5,20,0.1,20,1209.967447,1237.617157,1185.084418,1204.530114,1199.868854,1204.530114,27/07/2026 06:26,27/07/2026 06:27,33.80671215
50,0.5,20,0.1,50,1380.978093,1217.619313,1052.753901,1216.825729,1196.600806,1216.825729,27/07/2026 06:27,27/07/2026 06:28,84.3817184
50,0.5,20,0.1,100,1291.604461,1110.455571,1284.211069,1239.266828,1231.274311,1239.266828,27/07/2026 06:28,27/07/2026 06:31,164.5868335
50,0.5,20,0.5,5,1178.733538,1336.84832,1291.702512,1173.423943,1209.135822,1209.135822,27/07/2026 06:31,27/07/2026 06:31,10.77483511
50,0.5,20,0.5,20,1254.025001,1324.382194,1311.73534,1393.390845,1371.800132,1324.382194,27/07/2026 06:31,27/07/2026 06:32,42.31846952
50,0.5,20,0.5,50,1313.49393,1072.807213,1108.983972,1378.214542,1277.713651,1277.713651,27/07/2026 06:32,27/07/2026 06:34,109.0791554
50,0.5,20,0.5,100,1237.586463,1075.57243,1226.164984,1202.387143,1269.178441,1226.164984,27/07/2026 06:34,27/07/2026 06:37,221.5094018
50,0.5,20,0.7,5,1171.691623,1201.7886,1344.227365,1194.088934,1129.243509,1194.088934,27/07/2026 06:37,27/07/2026 06:38,11.66324425
50,0.5,20,0.7,20,1210.728274,1395.917203,1181.384516,1125.893577,1340.868995,1210.728274,27/07/2026 06:38,27/07/2026 06:38,48.83651257
50,0.5,20,0.7,50,1251.840681,1198.568944,1102.950912,1170.132832,1342.15251,1198.568944,27/07/2026 06:38,27/07/2026 06:40,123.1141632
50,0.5,20,0.7,100,1246.339794,1173.484814,1222.768733,1119.775072,1303.623752,1222.768733,27/07/2026 06:40,27/07/2026 06:44,245.9578524
50,0.5,20,1,5,1250.260953,1253.458561,1205.403455,1165.140516,1106.383679,1205.403455,27/07/2026 06:44,27/07/2026 06:45,13.52808285
50,0.5,20,1,20,1116.543234,1162.309899,1232.172082,1325.432109,1305.023218,1232.172082,27/07/2026 06:45,27/07/2026 06:46,56.02151299
50,0.5,20,1,50,1318.601398,1357.504766,1220.219044,1257.448032,1227.208133,1257.448032,27/07/2026 06:46,27/07/2026 06:48,140.0369854
50,0.5,20,1,100,1079.060868,1264.521174,1323.729725,1327.002767,1096.932285,1264.521174,27/07/2026 06:48,27/07/2026 06:53,284.0728471
50,0.5,50,0,5,1218.742222,1351.603937,1096.856176,1243.313894,1174.367551,1218.742222,27/07/2026 06:53,27/07/2026 06:53,18.13340282
50,0.5,50,0,20,1214.911428,1330.085207,1114.69079,1342.935339,1310.041416,1310.041416,27/07/2026 06:53,27/07/2026 06:54,70.48140979
50,0.5,50,0,50,1336.905495,1284.706699,1252.318992,1203.034238,1200.274292,1252.318992,27/07/2026 06:54,27/07/2026 06:57,180.7550516
50,0.5,50,0,100,1291.544511,1128.300198,1241.829878,1218.371251,1268.729469,1241.829878,27/07/2026 06:57,27/07/2026 07:03,365.6463394
50,0.5,50,0.1,5,1303.020119,1068.992593,1301.130425,1307.24975,1162.177141,1301.130425,27/07/2026 07:03,27/07/2026 07:04,20.2391746
50,0.5,50,0.1,20,1226.523541,1217.262954,1188.105092,1236.082594,1245.894641,1226.523541,27/07/2026 07:04,27/07/2026 07:05,79.7147429
50,0.5,50,0.1,50,1134.748613,1154.97954,1275.304162,1393.419518,1372.476137,1275.304162,27/07/2026 07:05,27/07/2026 07:08,197.2412806
50,0.5,50,0.1,100,1229.16193,1185.283145,1049.52301,1240.624643,1231.620932,1229.16193,27/07/2026 07:08,27/07/2026 07:15,393.0182486
50,0.5,50,0.5,5,1228.626061,1186.545272,1325.228977,1231.027311,1241.014976,1231.027311,27/07/2026 07:15,27/07/2026 07:15,29.46402049
50,0.5,50,0.5,20,1120.498461,1217.440651,1286.18754,1191.956513,1254.536364,1217.440651,27/07/2026 07:15,27/07/2026 07:17,122.8319693
50,0.5,50,0.5,50,1205.270102,1314.623843,1226.846763,1183.310033,1231.232303,1226.846763,27/07/2026 07:17,27/07/2026 07:22,287.7856946
50,0.5,50,0.5,100,1310.894516,1158.904418,1256.914134,1123.799339,1236.691109,1236.691109,27/07/2026 07:22,27/07/2026 07:31,537.6294801
50,0.5,50,0.7,5,1214.565149,1275.041066,1253.887413,1330.225354,1263.123226,1263.123226,27/07/2026 07:31,27/07/2026 07:32,29.37396216
50,0.5,50,0.7,20,1093.380936,1334.20252,1197.62636,1343.936892,1221.577698,1221.577698,27/07/2026 07:32,27/07/2026 07:34,122.749918
50,0.5,50,0.7,50,1305.652891,1081.511979,1155.696481,1181.084163,1201.288423,1181.084163,27/07/2026 07:34,27/07/2026 07:39,296.927722
50,0.5,50,0.7,100,1247.437135,1255.5337,1024.216658,1209.556723,1160.598684,1209.556723,27/07/2026 07:39,27/07/2026 07:49,616.9856255
50,0.5,50,1,5,1361.885917,1208.810209,1249.049423,1300.311175,1148.627464,1249.049423,27/07/2026 07:49,27/07/2026 07:50,39.13270617
50,0.5,50,1,20,1382.350346,1210.101233,1235.145104,1170.616287,1201.450444,1210.101233,27/07/2026 07:50,27/07/2026 07:52,145.0508232
50,0.5,50,1,50,1228.357824,1264.084335,1222.198139,1134.670347,1258.877967,1228.357824,27/07/2026 07:52,27/07/2026 07:58,368.4275873
50,0.5,50,1,100,1222.239017,1172.70041,1153.485644,1270.133068,1258.188702,1222.239017,27/07/2026 07:58,27/07/2026 08:10,721.2858043
50,0.5,100,0,5,1249.134447,1320.862405,1196.511517,1288.002039,1208.073242,1249.134447,27/07/2026 08:10,27/07/2026 08:11,35.79690528
50,0.5,100,0,20,1220.219617,1221.553552,1176.590289,1288.777947,1282.053124,1221.553552,27/07/2026 08:11,27/07/2026 08:13,150.4235117
50,0.5,100,0,50,1171.738458,1157.623098,1274.758159,1214.088075,1261.970663,1214.088075,27/07/2026 08:13,27/07/2026 08:19,361.8885744
50,0.5,100,0,100,1305.838425,1144.091726,1370.043218,1383.30383,1403.877017,1370.043218,27/07/2026 08:19,27/07/2026 08:31,734.4216089
50,0.5,100,0.1,5,1157.234487,1210.956582,1257.452722,1260.996788,1125.478215,1210.956582,27/07/2026 08:31,27/07/2026 08:32,39.1331296
50,0.5,100,0.1,20,1285.781383,1289.84588,1289.801655,1239.887954,1165.049824,1285.781383,27/07/2026 08:32,27/07/2026 08:35,149.7165213
50,0.5,100,0.1,50,1186.569206,1233.572185,1202.08176,1270.703687,1205.217871,1205.217871,27/07/2026 08:35,27/07/2026 08:41,386.3865054
50,0.5,100,0.1,100,1259.868248,1252.736902,1204.133358,1071.1617,1310.954205,1252.736902,27/07/2026 08:41,27/07/2026 08:54,781.931452
50,0.5,100,0.5,5,1206.445709,1238.967228,1055.640895,1104.54525,1205.141591,1205.141591,27/07/2026 08:54,27/07/2026 08:55,54.71662831
50,0.5,100,0.5,20,1106.687245,1224.422595,1270.80821,1019.407436,1080.534656,1106.687245,27/07/2026 08:55,27/07/2026 08:59,213.0498228
50,0.5,100,0.5,50,1234.609005,1192.308028,1315.673777,1278.189031,1105.390587,1234.609005,27/07/2026 08:59,27/07/2026 09:08,551.089376
50,0.5,100,0.5,100,1370.192999,1288.87735,1195.293361,1078.083832,1281.868859,1281.868859,27/07/2026 09:08,27/07/2026 09:26,1082.863323
50,0.5,100,0.7,5,1341.853392,1277.288171,1171.708792,1253.481396,1214.636627,1253.481396,27/07/2026 09:26,27/07/2026 09:27,67.44121003
50,0.5,100,0.7,20,1319.971617,1165.08612,1326.050207,1263.707861,1254.549183,1263.707861,27/07/2026 09:27,27/07/2026 09:31,249.9177978
50,0.5,100,0.7,50,1243.157097,1290.470918,1179.133709,1118.489899,1247.807708,1243.157097,27/07/2026 09:31,27/07/2026 09:41,607.2952375
50,0.5,100,0.7,100,1279.007188,1245.908091,1297.21081,1194.122098,1149.601273,1245.908091,27/07/2026 09:41,27/07/2026 10:02,1253.532737
50,0.5,100,1,5,1396.658045,1104.729112,1307.527327,1235.831484,1226.098886,1235.831484,27/07/2026 10:02,27/07/2026 10:03,76.12166762
50,0.5,100,1,20,1096.790488,1232.691855,1176.054809,1319.545441,1333.591608,1232.691855,27/07/2026 10:03,27/07/2026 10:08,288.3676848
50,0.5,100,1,50,1279.865561,1231.545915,1190.055599,1374.979047,1156.026164,1231.545915,27/07/2026 10:08,27/07/2026 10:20,729.5115266
50,0.5,100,1,100,1289.93876,1118.873234,1246.034359,1262.766643,1247.472852,1247.472852,27/07/2026 10:20,27/07/2026 10:45,1500.833572
50,0.7,5,0,5,1374.003385,1405.650481,1232.168006,1153.517982,1270.274472,1270.274472,27/07/2026 10:45,27/07/2026 10:45,3.061408281
50,0.7,5,0,20,1321.380579,1291.841555,1257.809137,1281.28603,1211.209783,1281.28603,27/07/2026 10:45,27/07/2026 10:46,11.516644
50,0.7,5,0,50,1139.499817,1237.742112,1245.012459,1207.893811,1282.393032,1237.742112,27/07/2026 10:46,27/07/2026 10:46,29.51634574
50,0.7,5,0,100,1220.08476,1179.881848,1255.881648,1287.68192,1340.256416,1255.881648,27/07/2026 10:46,27/07/2026 10:47,59.24990201
50,0.7,5,0.1,5,1139.098544,1159.762582,1100.476344,1209.517231,1257.699864,1159.762582,27/07/2026 10:47,27/07/2026 10:47,2.933870077
50,0.7,5,0.1,20,1121.212641,1194.596759,1082.658163,1065.71288,1358.66665,1121.212641,27/07/2026 10:47,27/07/2026 10:47,11.93665051
50,0.7,5,0.1,50,1188.864577,1119.526032,1152.640096,1192.214779,1234.058092,1188.864577,27/07/2026 10:47,27/07/2026 10:48,30.57362461
50,0.7,5,0.1,100,1399.820087,1042.980731,1212.066947,1462.129593,1221.769762,1221.769762,27/07/2026 10:48,27/07/2026 10:49,60.56708646
50,0.7,5,0.5,5,1124.766619,1307.656348,1331.559094,1085.239203,1110.363261,1124.766619,27/07/2026 10:49,27/07/2026 10:49,3.326417923
50,0.7,5,0.5,20,1286.75054,1269.84389,1159.998965,1272.193124,1101.485419,1269.84389,27/07/2026 10:49,27/07/2026 10:49,14.02945733
50,0.7,5,0.5,50,1188.512646,1415.074826,1150.728932,1170.459015,1150.023623,1170.459015,27/07/2026 10:49,27/07/2026 10:50,33.89622903
50,0.7,5,0.5,100,1300.484583,1217.16593,1336.345329,1287.955936,1190.130981,1287.955936,27/07/2026 10:50,27/07/2026 10:51,67.40430427
50,0.7,5,0.7,5,1211.629136,1087.940264,1206.049539,1101.414024,1134.895701,1134.895701,27/07/2026 10:51,27/07/2026 10:51,3.497133017
50,0.7,5,0.7,20,1357.309608,1206.633812,1191.645084,1378.154381,1243.094347,1243.094347,27/07/2026 10:51,27/07/2026 10:51,14.03188586
50,0.7,5,0.7,50,1330.65846,1177.435022,1272.636551,1256.62923,1255.724596,1256.62923,27/07/2026 10:51,27/07/2026 10:52,35.69559121
50,0.7,5,0.7,100,1363.688818,1190.644963,1235.303779,1430.455278,1266.884156,1266.884156,27/07/2026 10:52,27/07/2026 10:53,71.26572013
50,0.7,5,1,5,1292.440935,1199.26271,1212.296401,1201.474055,1125.363749,1201.474055,27/07/2026 10:53,27/07/2026 10:53,3.801064491
50,0.7,5,1,20,1169.187992,1254.258041,1348.192106,1215.201361,1357.109072,1254.258041,27/07/2026 10:53,27/07/2026 10:53,15.34313178
50,0.7,5,1,50,1323.045658,1212.828671,1234.462061,1319.495822,1249.961673,1249.961673,27/07/2026 10:53,27/07/2026 10:54,37.81176448
50,0.7,5,1,100,1326.861997,1296.38538,1202.611478,1190.698998,1285.868464,1285.868464,27/07/2026 10:54,27/07/2026 10:55,75.80084229
50,0.7,20,0,5,1023.74903,1203.050242,1180.043326,1145.891315,1194.632881,1180.043326,27/07/2026 10:55,27/07/2026 10:55,10.98384333
50,0.7,20,0,20,1173.541406,1130.397578,1323.034347,1217.954154,1302.102061,1217.954154,27/07/2026 10:55,27/07/2026 10:56,45.54658294
50,0.7,20,0,50,1254.279956,1216.185683,1274.135199,1020.655109,1216.996692,1216.996692,27/07/2026 10:56,27/07/2026 10:58,115.8438866
50,0.7,20,0,100,1309.277572,1250.873393,1270.684782,1075.159251,1449.052883,1270.684782,27/07/2026 10:58,27/07/2026 11:02,226.9470744
50,0.7,20,0.1,5,1208.384498,1175.376826,1293.737173,1214.292681,1384.171604,1214.292681,27/07/2026 11:02,27/07/2026 11:02,11.53052139
50,0.7,20,0.1,20,1167.151389,1260.152719,1209.996504,1119.298858,1096.805989,1167.151389,27/07/2026 11:02,27/07/2026 11:03,47.05544758
50,0.7,20,0.1,50,1111.758405,1140.169753,1128.969768,1205.247933,1195.942949,1140.169753,27/07/2026 11:03,27/07/2026 11:05,117.9772053
50,0.7,20,0.1,100,1188.291978,1273.516381,1209.631375,1271.96066,1141.393979,1209.631375,27/07/2026 11:05,27/07/2026 11:09,234.4027362
50,0.7,20,0.5,5,1178.721298,1317.80823,1057.610514,1242.080941,1129.812898,1178.721298,27/07/2026 11:09,27/07/2026 11:09,13.29454446
50,0.7,20,0.5,20,1201.860191,1178.51247,1276.838246,1225.710154,1064.520915,1201.860191,27/07/2026 11:09,27/07/2026 11:10,55.17186809
50,0.7,20,0.5,50,1291.179441,1262.160433,1223.637041,1136.316366,1184.814795,1223.637041,27/07/2026 11:10,27/07/2026 11:12,136.5301864
50,0.7,20,0.5,100,1070.252401,1241.18204,1186.761842,1329.02074,1140.636657,1186.761842,27/07/2026 11:12,27/07/2026 11:17,274.3695188
50,0.7,20,0.7,5,1110.681229,1193.248511,1211.538537,1235.752198,1163.174058,1193.248511,27/07/2026 11:17,27/07/2026 11:17,14.73707175
50,0.7,20,0.7,20,1299.149189,1050.653615,1208.083415,1231.554021,1251.255579,1231.554021,27/07/2026 11:17,27/07/2026 11:18,58.60260653
50,0.7,20,0.7,50,1238.487253,1085.565531,1269.624043,1193.994155,1310.762842,1238.487253,27/07/2026 11:18,27/07/2026 11:20,147.1191297
50,0.7,20,0.7,100,1356.33984,1232.333462,1215.070982,1218.504287,1158.089922,1218.504287,27/07/2026 11:20,27/07/2026 11:25,293.1125538
50,0.7,20,1,5,1322.643055,1267.397551,1188.376415,1233.67951,1278.489223,1267.397551,27/07/2026 11:25,27/07/2026 11:25,16.07439947
50,0.7,20,1,20,1193.33272,1108.596345,1073.769011,1303.660236,1309.035166,1193.33272,27/07/2026 11:25,27/07/2026 11:26,64.08010864
50,0.7,20,1,50,1238.339163,1248.766769,1217.984576,1243.533969,1224.131443,1238.339163,27/07/2026 11:26,27/07/2026 11:29,159.0143447
50,0.7,20,1,100,1319.397611,1365.936554,1277.133797,1300.154267,1272.225179,1300.154267,27/07/2026 11:29,27/07/2026 11:34,318.5638433
50,0.7,50,0,5,1202.815623,1193.947299,1207.584756,1295.586831,1066.824805,1202.815623,27/07/2026 11:34,27/07/2026 11:35,28.21363378
50,0.7,50,0,20,1158.878784,1166.764777,1151.828311,1262.304698,1298.486711,1166.764777,27/07/2026 11:35,27/07/2026 11:37,117.1703129
50,0.7,50,0,50,1205.096514,1234.343489,1114.888092,1332.98581,1187.517233,1205.096514,27/07/2026 11:37,27/07/2026 11:42,282.6099634
50,0.7,50,0,100,1156.548475,1193.995604,1182.347873,1028.107119,1221.427654,1182.347873,27/07/2026 11:42,27/07/2026 11:51,575.8800964
50,0.7,50,0.1,5,1435.294671,1314.539274,1333.13264,1408.774889,1214.38601,1333.13264,27/07/2026 11:51,27/07/2026 11:52,28.85466981
50,0.7,50,0.1,20,1248.213627,1270.759354,1329.688683,1284.341639,1298.120027,1284.341639,27/07/2026 11:52,27/07/2026 11:54,118.0900934
50,0.7,50,0.1,50,1180.76578,1251.562231,1217.69554,1106.632298,1123.890662,1180.76578,27/07/2026 11:54,27/07/2026 11:59,294.8741019
50,0.7,50,0.1,100,1386.559503,1322.037566,1329.719312,1185.328985,1235.602632,1322.037566,27/07/2026 11:59,27/07/2026 12:08,596.4795253
50,0.7,50,0.5,5,1197.591979,1339.342025,1214.08659,1111.318776,1228.290139,1214.08659,27/07/2026 12:08,27/07/2026 12:09,34.63862634
50,0.7,50,0.5,20,1150.824807,1166.338979,1159.152218,1167.483779,1256.146352,1166.338979,27/07/2026 12:09,27/07/2026 12:11,137.7335761
50,0.7,50,0.5,50,1202.311296,1193.151925,1277.105855,1178.491975,1169.106187,1193.151925,27/07/2026 12:11,27/07/2026 12:17,345.060065
50,0.7,50,0.5,100,1235.849885,1181.089158,1288.499682,1301.92333,1258.269693,1258.269693,27/07/2026 12:17,27/07/2026 12:29,694.1407611
50,0.7,50,0.7,5,1285.424947,1357.585969,1169.000658,1151.314949,1256.405808,1256.405808,27/07/2026 12:29,27/07/2026 12:29,35.71949148
50,0.7,50,0.7,20,1084.068653,1234.730732,1142.105005,1380.261212,1282.517616,1234.730732,27/07/2026 12:29,27/07/2026 12:32,149.5998592
50,0.7,50,0.7,50,1107.888474,1116.957088,1187.663546,1265.865554,1270.147422,1187.663546,27/07/2026 12:32,27/07/2026 12:38,378.9264576
50,0.7,50,0.7,100,1184.27294,1151.353756,1179.261702,1168.719086,1240.371071,1179.261702,27/07/2026 12:38,27/07/2026 12:51,749.0029752
50,0.7,50,1,5,1150.328379,1076.362978,1111.598977,1125.785039,1185.004567,1125.785039,27/07/2026 12:51,27/07/2026 12:51,37.92798257
50,0.7,50,1,20,1044.803644,1225.33816,1146.234716,1207.618671,1286.83593,1207.618671,27/07/2026 12:51,27/07/2026 12:54,162.7240961
50,0.7,50,1,50,1132.685044,1206.831281,1164.388309,1230.445503,1197.094365,1197.094365,27/07/2026 12:54,27/07/2026 13:01,403.6890018
50,0.7,50,1,100,1288.725466,1183.964488,1367.810241,1226.198371,1204.860805,1226.198371,27/07/2026 13:01,27/07/2026 13:14,813.7735808
50,0.7,100,0,5,1245.928722,1233.561764,1154.471679,1223.839864,1260.442127,1233.561764,27/07/2026 13:14,27/07/2026 13:15,60.3218019
50,0.7,100,0,20,1096.546469,1052.971449,1268.778051,1190.850064,1201.765493,1190.850064,27/07/2026 13:15,27/07/2026 13:19,253.0638711
50,0.7,100,0,50,1229.085691,1368.001955,1275.288306,1232.973391,1129.156785,1232.973391,27/07/2026 13:19,27/07/2026 13:29,582.6764584
50,0.7,100,0,100,1389.595993,1229.815016,1136.768901,1266.235293,1190.101342,1229.815016,27/07/2026 13:29,27/07/2026 13:48,1152.825733
50,0.7,100,0.1,5,1222.143158,1306.89484,1136.452232,1460.895752,1293.43291,1293.43291,27/07/2026 13:48,27/07/2026 13:49,57.94272041
50,0.7,100,0.1,20,1275.033105,1212.606992,1237.720657,1138.906385,1130.399577,1212.606992,27/07/2026 13:49,27/07/2026 13:53,232.0943398
50,0.7,100,0.1,50,1189.479283,1311.767686,1175.91221,1317.243151,1124.629108,1189.479283,27/07/2026 13:53,27/07/2026 14:03,594.7813041
50,0.7,100,0.1,100,1106.869139,1184.171997,1167.026682,1237.372424,1177.417543,1177.417543,27/07/2026 14:03,27/07/2026 14:23,1182.228868
50,0.7,100,0.5,5,1201.990608,1291.595013,1316.97543,1212.004458,1078.797771,1212.004458,27/07/2026 14:23,27/07/2026 14:24,71.07231688
50,0.7,100,0.5,20,1278.544705,1255.161068,1173.71252,1177.602234,1351.030225,1255.161068,27/07/2026 14:24,27/07/2026 14:29,273.6271398
50,0.7,100,0.5,50,1298.951686,1180.048687,1218.406851,1101.413404,1146.128891,1180.048687,27/07/2026 14:29,27/07/2026 14:40,692.8852277
50,0.7,100,0.5,100,1230.920431,1296.788756,1204.618565,1277.666074,1174.879597,1230.920431,27/07/2026 14:40,27/07/2026 15:03,1392.250139
50,0.7,100,0.7,5,1125.248791,1230.336882,1282.181624,1122.047321,1186.032509,1186.032509,27/07/2026 15:03,27/07/2026 15:05,73.98372722
50,0.7,100,0.7,20,1296.354664,1211.934333,1198.555061,1299.427227,1128.078346,1211.934333,27/07/2026 15:05,27/07/2026 15:10,303.1047294
50,0.7,100,0.7,50,1194.401296,1295.311003,1306.360125,1211.074161,1309.913071,1295.311003,27/07/2026 15:10,27/07/2026 15:22,752.6681707
50,0.7,100,0.7,100,1233.993227,1296.707303,1159.940088,1355.225164,1064.496943,1233.993227,27/07/2026 15:22,27/07/2026 15:47,1482.066288
50,0.7,100,1,5,1263.077964,1089.663275,1288.762392,1164.705584,1329.907498,1263.077964,27/07/2026 15:47,27/07/2026 15:48,81.2382021
50,0.7,100,1,20,1176.023026,1196.523377,1181.478543,1376.600464,1208.975892,1196.523377,27/07/2026 15:48,27/07/2026 15:54,326.3180406
50,0.7,100,1,50,1133.85668,1141.310875,1291.606741,1345.538693,1251.685401,1251.685401,27/07/2026 15:54,27/07/2026 16:08,835.8834131
50,0.7,100,1,100,1228.728577,1141.597998,1208.768205,1071.217322,1409.889589,1208.768205,27/07/2026 16:08,27/07/2026 16:35,1662.801323
50,1,5,0,5,1241.104295,1179.116539,1241.142832,1333.318224,1191.897067,1241.104295,27/07/2026 16:35,27/07/2026 16:35,4.242502451
50,1,5,0,20,1211.862621,1094.972714,1242.725799,1093.640079,1202.230108,1202.230108,27/07/2026 16:35,27/07/2026 16:36,16.90420604
50,1,5,0,50,1124.755311,1309.040155,1306.224554,1308.374588,1317.153418,1308.374588,27/07/2026 16:36,27/07/2026 16:36,42.05616045
50,1,5,0,100,1134.668415,1130.393773,1315.64555,1381.522243,1307.244749,1307.244749,27/07/2026 16:36,27/07/2026 16:38,83.55185246
50,1,5,0.1,5,1130.453098,1271.45659,1236.723578,1303.52533,1224.020018,1236.723578,27/07/2026 16:38,27/07/2026 16:38,4.141142607
50,1,5,0.1,20,1191.297867,1137.120741,1275.241416,1378.676125,1225.661386,1225.661386,27/07/2026 16:38,27/07/2026 16:38,16.95343065
50,1,5,0.1,50,1284.735609,1316.995633,1239.645828,1261.287226,1250.2121,1261.287226,27/07/2026 16:38,27/07/2026 16:39,42.13782477
50,1,5,0.1,100,1085.962698,1157.493055,1215.024083,1208.717328,1256.426027,1208.717328,27/07/2026 16:39,27/07/2026 16:40,84.92246604
50,1,5,0.5,5,1231.216786,1289.730483,1210.621505,1182.868185,1267.866109,1231.216786,27/07/2026 16:40,27/07/2026 16:40,4.144783974
50,1,5,0.5,20,1176.265536,1269.372542,1228.753406,1229.173022,1226.655201,1228.753406,27/07/2026 16:40,27/07/2026 16:41,16.44078159
50,1,5,0.5,50,1216.267094,1259.708167,1209.575368,1191.602972,1106.747982,1209.575368,27/07/2026 16:41,27/07/2026 16:41,42.11180663
50,1,5,0.5,100,1158.558468,1324.720822,1250.322756,1119.530459,1202.868565,1202.868565,27/07/2026 16:41,27/07/2026 16:43,84.73978901
50,1,5,0.7,5,1162.640491,1247.543202,1142.76749,1233.948322,1185.141226,1185.141226,27/07/2026 16:43,27/07/2026 16:43,4.166489601
50,1,5,0.7,20,1175.521639,1180.141495,1247.018679,1190.23891,1179.807297,1180.141495,27/07/2026 16:43,27/07/2026 16:43,16.99671102
50,1,5,0.7,50,1110.880385,1155.517987,1258.311555,1170.898674,1252.592538,1170.898674,27/07/2026 16:43,27/07/2026 16:44,41.8966291
50,1,5,0.7,100,1269.718908,1218.861422,1156.960762,1418.783057,1104.26147,1218.861422,27/07/2026 16:44,27/07/2026 16:45,84.26145983
50,1,5,1,5,1224.993482,1262.043087,1080.473414,1218.999771,1172.325962,1218.999771,27/07/2026 16:45,27/07/2026 16:45,4.216042519
50,1,5,1,20,1216.548087,1316.720343,1203.694696,1257.226982,1304.384381,1257.226982,27/07/2026 16:45,27/07/2026 16:45,17.34271955
50,1,5,1,50,1226.430713,1296.637486,998.1605852,1232.764555,1195.185849,1226.430713,27/07/2026 16:45,27/07/2026 16:46,42.42266846
50,1,5,1,100,1307.213668,1322.337868,1229.29282,1201.360712,1222.670817,1229.29282,27/07/2026 16:46,27/07/2026 16:48,83.89046741
50,1,20,0,5,1344.546624,1221.021486,1177.16332,1124.937602,1243.945399,1221.021486,27/07/2026 16:48,27/07/2026 16:48,17.54585743
50,1,20,0,20,1145.059657,1195.77498,1210.935388,1193.788549,1004.914039,1193.788549,27/07/2026 16:48,27/07/2026 16:49,69.52679253
50,1,20,0,50,1314.612473,1377.990279,1243.55001,1287.798379,1201.522656,1287.798379,27/07/2026 16:49,27/07/2026 16:52,173.3577824
50,1,20,0,100,1100.987681,1140.935971,1216.388556,1149.476325,1221.730534,1149.476325,27/07/2026 16:52,27/07/2026 16:58,344.5882165
50,1,20,0.1,5,1142.938447,1299.686287,1358.832685,1224.546927,1372.901065,1299.686287,27/07/2026 16:58,27/07/2026 16:58,16.82744861
50,1,20,0.1,20,1343.169657,1339.278319,1231.219926,1226.279679,1189.613544,1231.219926,27/07/2026 16:58,27/07/2026 16:59,68.60847569
50,1,20,0.1,50,1185.903008,1298.11144,1233.472074,1345.4206,1269.334776,1269.334776,27/07/2026 16:59,27/07/2026 17:02,173.5928431
50,1,20,0.1,100,1211.193622,1246.800678,1202.310007,1171.667579,1283.496267,1211.193622,27/07/2026 17:02,27/07/2026 17:08,348.9759984
50,1,20,0.5,5,1226.30632,1263.817746,1321.173978,1175.593291,1250.358385,1250.358385,27/07/2026 17:08,27/07/2026 17:08,17.45636821
50,1,20,0.5,20,1338.621455,1211.167976,1344.302305,1217.41108,1111.890098,1217.41108,27/07/2026 17:08,27/07/2026 17:09,68.50170779
50,1,20,0.5,50,1169.247395,1225.092746,1352.731627,1239.872823,1301.981613,1239.872823,27/07/2026 17:09,27/07/2026 17:12,171.7639043
50,1,20,0.5,100,1282.116468,1176.040096,1138.539875,1117.559156,1288.818622,1176.040096,27/07/2026 17:12,27/07/2026 17:18,354.0996614
50,1,20,0.7,5,1358.108418,1228.86031,1170.230238,1158.598992,1298.272475,1228.86031,27/07/2026 17:18,27/07/2026 17:18,17.26930571
50,1,20,0.7,20,1231.026664,1125.929095,1182.51543,1188.923514,1355.481545,1188.923514,27/07/2026 17:18,27/07/2026 17:19,68.9947331
50,1,20,0.7,50,1234.159336,1164.409392,1217.920635,1318.781641,1191.253882,1217.920635,27/07/2026 17:19,27/07/2026 17:22,177.9770062
50,1,20,0.7,100,1284.029208,1276.525258,1175.126381,1240.63218,1140.244184,1240.63218,27/07/2026 17:22,27/07/2026 17:28,350.3735633
50,1,20,1,5,1207.354966,1164.836832,1234.463115,1223.748348,1148.350255,1207.354966,27/07/2026 17:28,27/07/2026 17:29,16.74273324
50,1,20,1,20,1262.954593,1373.393258,1103.385401,1122.688673,1197.809678,1197.809678,27/07/2026 17:29,27/07/2026 17:30,70.04205275
50,1,20,1,50,1196.660463,1271.364549,1134.973708,1166.505876,1201.970997,1196.660463,27/07/2026 17:30,27/07/2026 17:33,174.0042584
50,1,20,1,100,1287.282569,1345.488427,1293.512604,1204.392715,1221.466575,1287.282569,27/07/2026 17:33,27/07/2026 17:38,348.2964792
50,1,50,0,5,1276.992075,1151.766758,1239.847716,1237.686834,1104.70193,1237.686834,27/07/2026 17:38,27/07/2026 17:39,43.98081684
50,1,50,0,20,1311.48188,1284.31885,1083.436456,1215.074993,1141.30497,1215.074993,27/07/2026 17:39,27/07/2026 17:42,175.7979753
50,1,50,0,50,1074.883092,1391.936451,1119.362715,1237.728316,1210.010704,1210.010704,27/07/2026 17:42,27/07/2026 17:49,445.3664517
50,1,50,0,100,1428.441934,1378.119176,1157.762183,1208.498849,1166.173083,1208.498849,27/07/2026 17:49,27/07/2026 18:04,882.36342
50,1,50,0.1,5,1321.186552,1252.471416,1145.380871,1132.782186,1263.119396,1252.471416,27/07/2026 18:04,27/07/2026 18:05,44.78570008
50,1,50,0.1,20,1136.905052,1177.540966,1156.142933,1253.09125,1279.620848,1177.540966,27/07/2026 18:05,27/07/2026 18:08,175.3865793
50,1,50,0.1,50,1190.982644,1297.255144,1269.339244,1268.216981,1138.951619,1268.216981,27/07/2026 18:08,27/07/2026 18:15,440.3732612
50,1,50,0.1,100,1326.355295,1204.188467,1280.38082,1097.888325,1282.739673,1280.38082,27/07/2026 18:15,27/07/2026 18:30,883.6140254
50,1,50,0.5,5,1280.958749,1227.173379,1190.002619,1337.739146,1118.651403,1227.173379,27/07/2026 18:30,27/07/2026 18:31,42.8482089
50,1,50,0.5,20,1281.733945,1134.504222,1190.756252,1184.48316,996.9501536,1184.48316,27/07/2026 18:31,27/07/2026 18:34,175.6761749
50,1,50,0.5,50,1269.066103,1195.274865,1266.012003,1304.128059,1182.072221,1266.012003,27/07/2026 18:34,27/07/2026 18:41,443.4197013
50,1,50,0.5,100,1197.236611,1122.244874,1206.262256,1111.793904,1244.787168,1197.236611,27/07/2026 18:41,27/07/2026 18:56,892.4088509
50,1,50,0.7,5,1300.412655,1236.590389,1290.100918,1200.651859,1324.760774,1290.100918,27/07/2026 18:56,27/07/2026 18:57,46.93831301
50,1,50,0.7,20,1129.701395,1349.200104,1177.644655,1298.35121,1200.003993,1200.003993,27/07/2026 18:57,27/07/2026 19:00,180.3308644
50,1,50,0.7,50,1286.152725,1114.133955,1259.448359,1283.436151,1256.119851,1259.448359,27/07/2026 19:00,27/07/2026 19:07,438.5689826
50,1,50,0.7,100,1341.091004,1241.659556,1128.199327,1187.211999,1320.249743,1241.659556,27/07/2026 19:07,27/07/2026 19:22,910.2873666
50,1,50,1,5,1250.555741,1363.633002,1311.022075,1137.22518,1275.2114,1275.2114,27/07/2026 19:22,27/07/2026 19:23,45.41239405
50,1,50,1,20,1157.975505,1307.711668,1221.426889,1245.070976,1246.513693,1245.070976,27/07/2026 19:23,27/07/2026 19:26,179.0174174
50,1,50,1,50,1160.05754,1255.360197,1116.142343,1229.67102,1102.539524,1160.05754,27/07/2026 19:26,27/07/2026 19:33,446.4851305
50,1,50,1,100,1251.915883,1170.936028,1248.156258,1276.902954,1133.775707,1248.156258,27/07/2026 19:33,27/07/2026 19:48,895.5708373
50,1,100,0,5,1382.645369,1151.152827,1168.826147,1195.238153,1275.258688,1195.238153,27/07/2026 19:48,27/07/2026 19:50,87.62826848
50,1,100,0,20,1137.108415,1226.494837,1291.65016,1154.115669,1312.785807,1226.494837,27/07/2026 19:50,27/07/2026 19:55,345.703922
50,1,100,0,50,1262.929594,1080.300188,1212.634575,992.3589704,1241.289774,1212.634575,27/07/2026 19:55,27/07/2026 20:10,890.1020947
50,1,100,0,100,1184.344124,1271.017725,1175.881457,1195.866357,1179.193527,1184.344124,27/07/2026 20:10,27/07/2026 20:40,1800.94208
50,1,100,0.1,5,1248.16461,1176.119799,1324.847724,1268.499615,1371.341651,1268.499615,27/07/2026 20:40,27/07/2026 20:42,87.67178035
50,1,100,0.1,20,1332.366043,1124.680475,1230.754267,1101.352962,1169.720166,1169.720166,27/07/2026 20:42,27/07/2026 20:48,348.7864587
50,1,100,0.1,50,1285.840726,1288.66887,1118.967395,1252.792319,1281.736935,1281.736935,27/07/2026 20:48,27/07/2026 21:03,899.4356756
50,1,100,0.1,100,1248.812649,1132.994445,1353.271967,1330.240261,1160.312701,1248.812649,27/07/2026 21:03,27/07/2026 21:32,1784.026629
50,1,100,0.5,5,1194.258322,1226.471108,1444.195602,1375.297215,1252.900253,1252.900253,27/07/2026 21:32,27/07/2026 21:34,89.60902953
50,1,100,0.5,20,1185.104234,1164.037623,1211.74043,1296.425821,1307.560314,1211.74043,27/07/2026 21:34,27/07/2026 21:40,360.8008924
50,1,100,0.5,50,1345.664978,1037.486711,1227.48143,1277.910833,1241.739535,1241.739535,27/07/2026 21:40,27/07/2026 21:55,901.7154949
50,1,100,0.5,100,1212.535519,1152.879673,1191.524615,1098.816786,1256.201024,1191.524615,27/07/2026 21:55,27/07/2026 22:25,1822.094367
50,1,100,0.7,5,1226.303357,1185.126118,1308.533292,1281.139502,1213.029143,1226.303357,27/07/2026 22:25,27/07/2026 22:27,90.40696335
50,1,100,0.7,20,1133.760343,1200.334334,1190.400184,1320.722482,1228.540103,1200.334334,27/07/2026 22:27,27/07/2026 22:33,359.0124695
50,1,100,0.7,50,1322.093676,1180.705569,1225.713902,1430.675087,1176.310534,1225.713902,27/07/2026 22:33,27/07/2026 22:48,906.608583
50,1,100,0.7,100,1176.868565,1268.371852,1161.570512,1293.729914,1257.279347,1257.279347,27/07/2026 22:48,27/07/2026 23:18,1816.492499
50,1,100,1,5,1285.816515,1364.813107,1323.586147,1299.588462,1189.071617,1299.588462,27/07/2026 23:18,27/07/2026 23:20,87.13127398
50,1,100,1,20,1163.819908,1267.403983,1121.411351,1123.299793,1230.987242,1163.819908,27/07/2026 23:20,27/07/2026 23:26,360.9940622
50,1,100,1,50,1029.369945,1350.991614,1143.677497,1209.548203,1207.208703,1207.208703,27/07/2026 23:26,27/07/2026 23:41,929.9718378
50,1,100,1,100,1349.934438,1211.291538,1204.19764,1155.068319,1191.228073,1204.19764,27/07/2026 23:41,28/07/2026 00:12,1840.309618
100,0,5,0,5,1226.755952,1114.218176,1123.079779,1089.481616,1269.480568,1123.079779,28/07/2026 00:12,28/07/2026 00:12,0.976106405
100,0,5,0,20,1225.168621,1311.469744,1199.695619,1120.979133,1174.211921,1199.695619,28/07/2026 00:12,28/07/2026 00:12,3.74666357
100,0,5,0,50,1347.376289,1163.574154,1277.469786,1278.609837,1118.182176,1277.469786,28/07/2026 00:12,28/07/2026 00:12,9.260983944
100,0,5,0,100,1266.173525,1328.822554,1177.301299,1099.58877,1169.202325,1177.301299,28/07/2026 00:12,28/07/2026 00:12,18.34436774
100,0,5,0.1,5,1203.376097,1182.264869,1188.280605,1100.031241,1313.315977,1188.280605,28/07/2026 00:12,28/07/2026 00:12,1.324684143
100,0,5,0.1,20,1290.678886,1054.53296,1183.347756,1091.338085,1189.325147,1183.347756,28/07/2026 00:12,28/07/2026 00:12,5.218973398
100,0,5,0.1,50,1287.278728,1323.486801,1285.963141,1294.367438,1149.879298,1287.278728,28/07/2026 00:12,28/07/2026 00:13,13.12937665
100,0,5,0.1,100,1238.438597,1318.818125,1133.600403,1267.758087,1323.832176,1267.758087,28/07/2026 00:13,28/07/2026 00:13,26.77580786
100,0,5,0.5,5,1258.290188,1239.282106,1013.532928,1147.198319,1166.64187,1166.64187,28/07/2026 00:13,28/07/2026 00:13,2.887983799
100,0,5,0.5,20,1231.561008,1261.730905,1256.704652,1325.824018,1169.561515,1256.704652,28/07/2026 00:13,28/07/2026 00:13,11.7259295
100,0,5,0.5,50,1315.520482,1148.33664,1321.715762,1153.696297,1192.349936,1192.349936,28/07/2026 00:13,28/07/2026 00:14,29.17513609
100,0,5,0.5,100,1074.002498,1263.926787,1329.150499,1076.531654,1217.079575,1217.079575,28/07/2026 00:14,28/07/2026 00:15,59.30307961
100,0,5,0.7,5,1244.524451,1165.454711,1235.400571,1291.350492,1203.174173,1235.400571,28/07/2026 00:15,28/07/2026 00:15,3.612507343
100,0,5,0.7,20,1320.390644,1240.172375,1251.970294,1128.305478,1216.169871,1240.172375,28/07/2026 00:15,28/07/2026 00:15,14.96554661
100,0,5,0.7,50,1146.269787,1220.088167,1232.898128,1208.394649,1286.91157,1220.088167,28/07/2026 00:15,28/07/2026 00:16,36.82942677
100,0,5,0.7,100,1237.753824,1083.13939,1230.881232,1321.41936,1280.642726,1237.753824,28/07/2026 00:16,28/07/2026 00:17,73.29721928
100,0,5,1,5,1297.083995,1181.777797,1227.791371,1255.534706,1278.407527,1255.534706,28/07/2026 00:17,28/07/2026 00:17,5.092711687
100,0,5,1,20,1186.169044,1244.470332,1193.399916,1139.132808,1364.422709,1193.399916,28/07/2026 00:17,28/07/2026 00:17,19.32908273
100,0,5,1,50,1260.199315,1332.191112,1217.82639,1300.027992,1178.973337,1260.199315,28/07/2026 00:17,28/07/2026 00:18,50.37741613
100,0,5,1,100,1163.653893,1062.271214,1183.833994,1153.715222,1140.916577,1153.715222,28/07/2026 00:18,28/07/2026 00:20,98.46195388
100,0,20,0,5,1275.601226,1182.628604,1333.277597,1117.337403,1115.598001,1182.628604,28/07/2026 00:20,28/07/2026 00:20,1.17095232
100,0,20,0,20,1240.824639,1299.928571,1138.510814,1247.869775,1149.144613,1240.824639,28/07/2026 00:20,28/07/2026 00:20,4.717126369
100,0,20,0,50,1311.757268,1252.684578,1239.952998,1193.808918,1157.032825,1239.952998,28/07/2026 00:20,28/07/2026 00:20,11.6300118
100,0,20,0,100,1149.171528,1248.326908,1121.382674,1312.042077,1270.511447,1248.326908,28/07/2026 00:20,28/07/2026 00:20,23.08736086
100,0,20,0.1,5,1314.230353,1151.940192,1283.827835,1207.470536,1148.114807,1207.470536,28/07/2026 00:20,28/07/2026 00:21,2.504755974
100,0,20,0.1,20,1150.228699,1304.381708,1138.293327,1337.949368,1240.89911,1240.89911,28/07/2026 00:21,28/07/2026 00:21,10.35389185
100,0,20,0.1,50,1169.898951,1128.287483,1201.153953,1270.284039,1236.469557,1201.153953,28/07/2026 00:21,28/07/2026 00:21,25.92583394
100,0,20,0.1,100,1233.654376,1056.990584,1186.547669,1130.779889,1089.097048,1130.779889,28/07/2026 00:21,28/07/2026 00:22,50.28070688
100,0,20,0.5,5,1202.803565,1340.276936,1180.874017,1091.946261,1264.306577,1202.803565,28/07/2026 00:22,28/07/2026 00:22,7.034857988
100,0,20,0.5,20,1142.836967,1287.325675,1240.24506,1312.779884,1251.432108,1251.432108,28/07/2026 00:22,28/07/2026 00:23,31.63086581
100,0,20,0.5,50,1201.437555,1365.476113,1329.312836,1208.891068,1286.68197,1286.68197,28/07/2026 00:23,28/07/2026 00:24,78.55835962
100,0,20,0.5,100,1253.454657,1380.113172,1340.852571,989.8057757,1314.241732,1314.241732,28/07/2026 00:24,28/07/2026 00:27,160.264379
100,0,20,0.7,5,1055.885303,1253.311768,1113.759067,1387.638335,1206.375794,1206.375794,28/07/2026 00:27,28/07/2026 00:27,11.11233997
100,0,20,0.7,20,1302.410611,1457.525551,1040.73626,1296.35267,1149.535967,1296.35267,28/07/2026 00:27,28/07/2026 00:28,45.11000609
100,0,20,0.7,50,1338.638704,1155.711519,1365.834303,1354.342712,1204.763148,1338.638704,28/07/2026 00:28,28/07/2026 00:29,110.3733633
100,0,20,0.7,100,1235.038079,1232.956431,1255.30941,1238.693891,1315.640013,1238.693891,28/07/2026 00:29,28/07/2026 00:33,222.5183549
100,0,20,1,5,1170.08134,1246.489569,1155.000888,1044.001473,1149.454716,1155.000888,28/07/2026 00:33,28/07/2026 00:33,15.39959216
100,0,20,1,20,1249.808429,1381.91741,1327.867337,1219.256446,1196.186758,1249.808429,28/07/2026 00:33,28/07/2026 00:34,66.51017356
100,0,20,1,50,1099.910919,1190.779111,1286.675639,1132.868599,1302.00786,1190.779111,28/07/2026 00:34,28/07/2026 00:37,167.117456
100,0,20,1,100,1226.621006,1176.440212,1277.275936,1099.669325,1159.629531,1176.440212,28/07/2026 00:37,28/07/2026 00:43,334.1031108
100,0,50,0,5,1314.856347,1231.90234,1167.556617,1268.345461,1099.809562,1231.90234,28/07/2026 00:43,28/07/2026 00:43,1.71253252
100,0,50,0,20,1158.541991,1206.618274,1146.1426,1353.730832,1201.160147,1201.160147,28/07/2026 00:43,28/07/2026 00:43,6.621111631
100,0,50,0,50,1188.135316,1219.587118,1332.064374,1314.346297,1160.407849,1219.587118,28/07/2026 00:43,28/07/2026 00:43,16.35521388
100,0,50,0,100,1206.921828,1133.154636,1146.380957,1334.53726,1158.961953,1158.961953,28/07/2026 00:43,28/07/2026 00:44,32.5418582
100,0,50,0.1,5,1096.994086,1252.607409,1352.270386,1203.951176,1174.013099,1203.951176,28/07/2026 00:44,28/07/2026 00:44,4.570168734
100,0,50,0.1,20,1067.554362,1295.000719,1256.07569,1203.154065,1196.911124,1203.154065,28/07/2026 00:44,28/07/2026 00:44,18.23240614
100,0,50,0.1,50,1161.665847,1104.646276,1262.347983,1282.283873,1271.444461,1262.347983,28/07/2026 00:44,28/07/2026 00:45,45.59479547
100,0,50,0.1,100,1164.983992,1268.266181,1143.546558,1058.750485,1260.936847,1164.983992,28/07/2026 00:45,28/07/2026 00:46,93.54995108
100,0,50,0.5,5,1219.762358,1366.874019,1054.585581,1299.080927,1188.906666,1219.762358,28/07/2026 00:46,28/07/2026 00:47,16.74768186
100,0,50,0.5,20,1185.289772,1406.913912,1183.918307,1111.770117,1239.16007,1185.289772,28/07/2026 00:47,28/07/2026 00:48,65.4282999
100,0,50,0.5,50,1301.58542,1178.085399,1259.668349,1078.232678,1316.545615,1259.668349,28/07/2026 00:48,28/07/2026 00:51,169.7854671
100,0,50,0.5,100,1185.414397,1336.128858,1186.736958,1329.503138,1237.077153,1237.077153,28/07/2026 00:51,28/07/2026 00:56,321.5459113
100,0,50,0.7,5,1272.223897,1128.636528,1304.780334,1290.294164,1222.622181,1272.223897,28/07/2026 00:56,28/07/2026 00:56,22.95210481
100,0,50,0.7,20,1295.708333,1200.971833,1164.991893,1247.966093,1256.468616,1247.966093,28/07/2026 00:56,28/07/2026 00:58,104.3603144
100,0,50,0.7,50,1215.552635,1187.544182,1220.625608,1256.138328,1157.936354,1215.552635,28/07/2026 00:58,28/07/2026 01:02,250.1165094
100,0,50,0.7,100,1223.354105,1176.627974,1290.163998,1260.114417,1324.659501,1260.114417,28/07/2026 01:02,28/07/2026 01:11,495.1630611
100,0,50,1,5,1057.010388,1258.309535,1327.309533,1195.545503,1199.925866,1199.925866,28/07/2026 01:11,28/07/2026 01:11,35.98594713
100,0,50,1,20,1131.707898,1338.571453,957.0113338,1248.323422,1120.907094,1131.707898,28/07/2026 01:11,28/07/2026 01:14,153.404532
100,0,50,1,50,1254.029935,1138.462437,1372.084575,1378.08863,1251.063808,1254.029935,28/07/2026 01:14,28/07/2026 01:21,409.290982
100,0,50,1,100,1209.775892,1209.511866,1199.895696,1235.173357,1152.963406,1209.511866,28/07/2026 01:21,28/07/2026 01:34,786.5653846
100,0,100,0,5,1205.467192,1250.4852,1198.060647,1288.004082,1258.989461,1250.4852,28/07/2026 01:34,28/07/2026 01:34,2.501619101
100,0,100,0,20,1195.828339,1316.382154,1085.60755,1207.470054,1153.962874,1195.828339,28/07/2026 01:34,28/07/2026 01:34,9.620002985
100,0,100,0,50,1307.770689,1257.174999,1198.321389,1371.387816,1344.028635,1307.770689,28/07/2026 01:34,28/07/2026 01:34,24.05438924
100,0,100,0,100,1122.998,1241.120169,1031.124218,1186.02747,1174.658959,1174.658959,28/07/2026 01:34,28/07/2026 01:35,48.1209259
100,0,100,0.1,5,1235.411986,1011.58785,1082.612922,1261.298437,1167.046099,1167.046099,28/07/2026 01:35,28/07/2026 01:35,6.940955639
100,0,100,0.1,20,1061.347119,1225.208581,1009.818424,1195.312773,1221.996392,1195.312773,28/07/2026 01:35,28/07/2026 01:36,31.94980288
100,0,100,0.1,50,1272.858845,1342.098421,1346.002034,1218.413596,1146.098671,1272.858845,28/07/2026 01:36,28/07/2026 01:37,86.76360369
100,0,100,0.1,100,1138.705326,1100.572541,1158.70281,1181.380573,1214.791778,1158.70281,28/07/2026 01:37,28/07/2026 01:40,162.5786297
100,0,100,0.5,5,1173.068373,1410.708913,1227.384315,1423.175998,1342.070761,1342.070761,28/07/2026 01:40,28/07/2026 01:40,27.17409062
100,0,100,0.5,20,1293.993405,1175.512096,1184.842761,1321.317276,1157.243857,1184.842761,28/07/2026 01:40,28/07/2026 01:42,118.7063251
100,0,100,0.5,50,1250.86794,1204.09168,1109.590884,1233.283473,1157.474067,1204.09168,28/07/2026 01:42,28/07/2026 01:47,295.4297452
100,0,100,0.5,100,1238.778939,1084.433321,1247.995952,1257.850337,1241.865065,1241.865065,28/07/2026 01:47,28/07/2026 01:57,587.7181304
100,0,100,0.7,5,1190.615401,1242.721524,1164.082192,1144.222484,1229.367652,1190.615401,28/07/2026 01:57,28/07/2026 01:58,44.59994411
100,0,100,0.7,20,1357.032089,1226.543781,1251.324607,1302.183256,1419.274569,1302.183256,28/07/2026 01:58,28/07/2026 02:01,168.5186255
100,0,100,0.7,50,1241.992948,1170.485374,1212.110843,1277.035853,1173.732963,1212.110843,28/07/2026 02:01,28/07/2026 02:08,463.1919427
100,0,100,0.7,100,1112.599591,1174.104616,1283.95684,1205.415012,1292.982997,1205.415012,28/07/2026 02:08,28/07/2026 02:23,884.4938662
100,0,100,1,5,1225.31501,1288.128409,1176.589583,1202.742252,1084.745558,1202.742252,28/07/2026 02:23,28/07/2026 02:24,80.26090932
100,0,100,1,20,1266.051742,1170.449194,1238.15934,1173.269199,1343.390573,1238.15934,28/07/2026 02:24,28/07/2026 02:30,344.358341
100,0,100,1,50,1179.061484,1089.037715,1089.471556,1339.713863,1126.621198,1126.621198,28/07/2026 02:30,28/07/2026 02:43,751.9926822
100,0,100,1,100,1192.95516,1289.747095,1249.373287,1122.9987,1228.906257,1228.906257,28/07/2026 02:43,28/07/2026 03:07,1488.354744
100,0.1,5,0,5,1245.487592,1255.373747,1305.103924,1277.960484,1218.708699,1255.373747,28/07/2026 03:07,28/07/2026 03:07,1.590487003
100,0.1,5,0,20,1170.66562,1186.686524,1089.872076,1309.885419,1269.916309,1186.686524,28/07/2026 03:07,28/07/2026 03:08,6.165282488
100,0.1,5,0,50,1122.547354,1144.897162,1197.361643,1223.313904,1299.219238,1197.361643,28/07/2026 03:08,28/07/2026 03:08,15.39840102
100,0.1,5,0,100,1318.88682,1285.817776,1191.18545,1156.064424,1416.64933,1285.817776,28/07/2026 03:08,28/07/2026 03:08,31.12078905
100,0.1,5,0.1,5,1274.922562,1227.336742,1206.866618,1283.922116,1171.384611,1227.336742,28/07/2026 03:08,28/07/2026 03:08,1.881714106
100,0.1,5,0.1,20,1319.433851,1219.606732,1189.361534,1246.714237,1118.496198,1219.606732,28/07/2026 03:08,28/07/2026 03:08,7.575754881
100,0.1,5,0.1,50,1263.256989,1415.267144,1305.343127,1279.693722,1379.181223,1305.343127,28/07/2026 03:08,28/07/2026 03:09,19.30398631
100,0.1,5,0.1,100,1360.214743,1229.566376,1179.336245,1236.794672,1222.937158,1229.566376,28/07/2026 03:09,28/07/2026 03:09,38.79994726
100,0.1,5,0.5,5,1336.451798,1519.455746,1348.496811,1129.428339,1243.840175,1336.451798,28/07/2026 03:09,28/07/2026 03:10,3.345559835
100,0.1,5,0.5,20,1371.843744,1206.575527,1189.712286,1246.536405,1144.471515,1206.575527,28/07/2026 03:10,28/07/2026 03:10,14.09491658
100,0.1,5,0.5,50,1232.056885,1138.622975,1100.21159,1231.744699,1398.015636,1231.744699,28/07/2026 03:10,28/07/2026 03:10,34.00717688
100,0.1,5,0.5,100,1239.008289,1151.276781,1277.169502,1183.41509,1212.908076,1212.908076,28/07/2026 03:10,28/07/2026 03:11,69.00174356
100,0.1,5,0.7,5,1201.67144,1082.414322,1316.166153,1071.180992,1351.492949,1201.67144,28/07/2026 03:11,28/07/2026 03:12,4.152184486
100,0.1,5,0.7,20,1217.345762,1397.387942,1279.521747,1171.461169,1301.908881,1279.521747,28/07/2026 03:12,28/07/2026 03:12,17.49895549
100,0.1,5,0.7,50,1182.940571,1059.009368,1069.872904,1172.820659,1291.229986,1172.820659,28/07/2026 03:12,28/07/2026 03:13,43.29999113
100,0.1,5,0.7,100,1021.612763,1318.352277,1224.522259,1139.459925,1183.500603,1183.500603,28/07/2026 03:13,28/07/2026 03:14,86.23535252
100,0.1,5,1,5,1302.916311,1105.053255,1155.400318,1218.864445,1308.553619,1218.864445,28/07/2026 03:14,28/07/2026 03:14,5.219789267
100,0.1,5,1,20,1368.540905,1149.314832,1216.90934,1251.507217,1337.085579,1251.507217,28/07/2026 03:14,28/07/2026 03:14,21.76896644
100,0.1,5,1,50,1183.728965,1338.42792,1124.238732,1366.669266,1135.618311,1183.728965,28/07/2026 03:14,28/07/2026 03:15,53.65665841
100,0.1,5,1,100,1313.902171,1193.407653,1159.625482,1256.402433,1254.910331,1254.910331,28/07/2026 03:15,28/07/2026 03:17,106.0912192
100,0.1,20,0,5,1297.647687,1219.981479,1205.402744,1126.541814,1218.539398,1218.539398,28/07/2026 03:17,28/07/2026 03:17,3.88854003
100,0.1,20,0,20,1398.774544,1122.158927,1311.091338,1147.661974,1108.816357,1147.661974,28/07/2026 03:17,28/07/2026 03:17,15.29955506
100,0.1,20,0,50,1246.165982,1257.546324,1243.301205,1262.664775,1225.485157,1246.165982,28/07/2026 03:17,28/07/2026 03:18,38.63891721
100,0.1,20,0,100,1317.106212,1009.48419,1258.767392,1206.138294,1165.414388,1206.138294,28/07/2026 03:18,28/07/2026 03:19,76.89305305
100,0.1,20,0.1,5,1131.633403,1190.084913,1289.456977,1262.071619,1159.339957,1190.084913,28/07/2026 03:19,28/07/2026 03:19,5.164188385
100,0.1,20,0.1,20,1133.276492,1271.829341,1130.901245,1078.978246,1131.64264,1131.64264,28/07/2026 03:19,28/07/2026 03:20,22.13753986
100,0.1,20,0.1,50,1214.905507,1263.034678,1222.486709,1199.82829,1264.058105,1222.486709,28/07/2026 03:20,28/07/2026 03:21,52.82634759
100,0.1,20,0.1,100,1183.804471,1192.374636,1138.706068,1169.751418,1242.306747,1183.804471,28/07/2026 03:21,28/07/2026 03:22,104.9435053
100,0.1,20,0.5,5,1272.473237,1246.213331,1309.708858,1386.453927,1238.782079,1272.473237,28/07/2026 03:22,28/07/2026 03:23,11.03234148
100,0.1,20,0.5,20,1300.155089,1236.383477,1246.590727,1370.033583,1297.098075,1297.098075,28/07/2026 03:23,28/07/2026 03:23,41.42616367
100,0.1,20,0.5,50,1242.731563,1263.660827,1221.4983,1212.98908,1226.051385,1226.051385,28/07/2026 03:23,28/07/2026 03:25,110.7748284
100,0.1,20,0.5,100,1179.258101,1148.439544,1102.40514,1202.994316,1250.318027,1179.258101,28/07/2026 03:25,28/07/2026 03:29,211.8276172
100,0.1,20,0.7,5,1271.458733,1236.861287,1226.928029,1272.782804,1282.944325,1271.458733,28/07/2026 03:29,28/07/2026 03:29,13.24435115
100,0.1,20,0.7,20,1170.818631,1303.744335,1369.231203,1185.954609,1268.056534,1268.056534,28/07/2026 03:29,28/07/2026 03:30,58.18972397
100,0.1,20,0.7,50,1205.955874,1222.453608,1159.710444,1238.147461,1275.886332,1222.453608,28/07/2026 03:30,28/07/2026 03:32,141.8749986
100,0.1,20,0.7,100,1140.670377,1088.58605,1158.029847,1210.218995,1054.213544,1140.670377,28/07/2026 03:32,28/07/2026 03:37,285.2554579
100,0.1,20,1,5,1068.949791,1220.92238,1183.94757,1249.023278,1214.57206,1214.57206,28/07/2026 03:37,28/07/2026 03:37,18.70369387
100,0.1,20,1,20,1213.534821,1266.843072,1282.153368,1184.268936,1234.080521,1234.080521,28/07/2026 03:37,28/07/2026 03:38,70.04508686
100,0.1,20,1,50,1256.078019,1168.447827,1302.095851,1326.77715,1237.377118,1256.078019,28/07/2026 03:38,28/07/2026 03:42,192.5872641
100,0.1,20,1,100,1279.62459,1224.212841,1281.781574,1399.384563,1293.284594,1281.781574,28/07/2026 03:42,28/07/2026 03:48,383.4530327
100,0.1,50,0,5,1278.935767,1197.950064,1166.889464,1380.478624,1200.690244,1200.690244,28/07/2026 03:48,28/07/2026 03:48,8.440591812
100,0.1,50,0,20,1217.637274,1216.763556,1129.682988,1253.39166,1368.274846,1217.637274,28/07/2026 03:48,28/07/2026 03:49,34.51130986
100,0.1,50,0,50,1141.177457,1229.623418,1185.822355,1144.268983,1238.827843,1185.822355,28/07/2026 03:49,28/07/2026 03:50,83.77185106
100,0.1,50,0,100,1165.751416,1191.777263,1363.076248,1199.901786,1244.380916,1199.901786,28/07/2026 03:50,28/07/2026 03:53,166.0673833
100,0.1,50,0.1,5,1288.431342,1249.319526,1256.819532,1212.418565,1230.393972,1249.319526,28/07/2026 03:53,28/07/2026 03:53,10.58067203
100,0.1,50,0.1,20,1207.720638,1227.478655,1232.118909,1276.381318,1081.286617,1227.478655,28/07/2026 03:53,28/07/2026 03:54,45.70259356
100,0.1,50,0.1,50,1208.392332,1197.48163,1327.325829,1227.767835,1260.374546,1227.767835,28/07/2026 03:54,28/07/2026 03:56,115.8726923
100,0.1,50,0.1,100,1248.507204,1202.776081,1174.385837,1306.800818,1293.173811,1248.507204,28/07/2026 03:56,28/07/2026 04:00,228.374707
100,0.1,50,0.5,5,1257.067114,1272.157622,1201.093102,1235.442538,1297.811026,1257.067114,28/07/2026 04:00,28/07/2026 04:00,22.70109057
100,0.1,50,0.5,20,1199.919044,1277.885724,1110.252043,1323.505404,1154.287253,1199.919044,28/07/2026 04:00,28/07/2026 04:02,95.82193732
100,0.1,50,0.5,50,1196.111099,1057.587218,1231.390078,1269.369163,1182.94027,1196.111099,28/07/2026 04:02,28/07/2026 04:06,241.6900942
100,0.1,50,0.5,100,1224.582656,1135.693827,1176.324523,1246.051736,1317.087652,1224.582656,28/07/2026 04:06,28/07/2026 04:14,482.6188049
100,0.1,50,0.7,5,1234.779922,1204.497514,1289.352232,1246.338412,1271.0345,1246.338412,28/07/2026 04:14,28/07/2026 04:14,31.96373916
100,0.1,50,0.7,20,1086.418517,1197.134629,1214.515014,1241.088582,1175.414674,1197.134629,28/07/2026 04:14,28/07/2026 04:17,147.2193716
100,0.1,50,0.7,50,1169.26736,1265.721722,1148.653077,1329.787275,1226.991545,1226.991545,28/07/2026 04:17,28/07/2026 04:23,360.1003788
100,0.1,50,0.7,100,1167.59153,1175.085995,1225.437213,1292.422851,1173.097249,1175.085995,28/07/2026 04:23,28/07/2026 04:34,670.9107642
100,0.1,50,1,5,1335.056032,1258.281738,1065.467389,1157.603788,1227.735286,1227.735286,28/07/2026 04:34,28/07/2026 04:35,42.17077136
100,0.1,50,1,20,1214.999623,1288.734933,1179.73518,1192.416217,1251.679815,1214.999623,28/07/2026 04:35,28/07/2026 04:38,200.4315279
100,0.1,50,1,50,1272.342292,1260.751842,1206.237642,1104.425193,1254.183975,1254.183975,28/07/2026 04:38,28/07/2026 04:46,512.992069
100,0.1,50,1,100,1183.331066,1160.061917,1231.076149,1119.831064,1256.268955,1183.331066,28/07/2026 04:46,28/07/2026 05:03,969.8080316
100,0.1,100,0,5,1210.671068,1255.358114,1314.225334,1294.500679,1207.475274,1255.358114,28/07/2026 05:03,28/07/2026 05:03,15.35857463
100,0.1,100,0,20,1240.832107,1166.949377,1350.663033,1337.482354,1153.963725,1240.832107,28/07/2026 05:03,28/07/2026 05:04,62.41021919
100,0.1,100,0,50,1327.39026,1088.329181,1320.880271,1289.697408,1237.261143,1289.697408,28/07/2026 05:04,28/07/2026 05:07,157.2701867
100,0.1,100,0,100,1193.018858,1207.158734,1186.50324,1259.235722,1246.605293,1207.158734,28/07/2026 05:07,28/07/2026 05:12,310.8254147
100,0.1,100,0.1,5,1172.731704,1204.140297,1135.691013,1212.058355,1307.069097,1204.140297,28/07/2026 05:12,28/07/2026 05:12,23.07652164
100,0.1,100,0.1,20,1272.97396,1171.837667,1189.427095,1236.192351,1305.455457,1236.192351,28/07/2026 05:12,28/07/2026 05:14,84.89569712
100,0.1,100,0.1,50,1318.91451,1252.162677,1330.839064,1235.166195,1282.159676,1282.159676,28/07/2026 05:14,28/07/2026 05:17,210.0607991
100,0.1,100,0.1,100,1312.891871,1272.313691,1372.421592,1268.987196,1165.366923,1272.313691,28/07/2026 05:17,28/07/2026 05:24,425.7996616
100,0.1,100,0.5,5,1184.622784,1125.616343,1149.293704,1291.582402,1200.795963,1184.622784,28/07/2026 05:24,28/07/2026 05:25,41.48721194
100,0.1,100,0.5,20,1216.189763,1313.314468,1146.457598,1256.987722,1376.591795,1256.987722,28/07/2026 05:25,28/07/2026 05:28,171.9403849
100,0.1,100,0.5,50,1291.876458,1250.515179,1244.993097,1250.08312,1324.765796,1250.515179,28/07/2026 05:28,28/07/2026 05:35,449.3162293
100,0.1,100,0.5,100,1305.966806,1222.220363,1192.392555,1213.340821,1243.126973,1222.220363,28/07/2026 05:35,28/07/2026 05:50,894.4058464
100,0.1,100,0.7,5,1312.717393,1147.84222,1207.950469,1233.197552,1225.989079,1225.989079,28/07/2026 05:50,28/07/2026 05:51,63.41286707
100,0.1,100,0.7,20,1300.992543,1263.782032,1221.603208,1172.748793,1127.855023,1221.603208,28/07/2026 05:51,28/07/2026 05:55,253.0879285
100,0.1,100,0.7,50,1171.786091,1198.583448,1186.199257,1092.289961,1308.791799,1186.199257,28/07/2026 05:55,28/07/2026 06:06,660.3680842
100,0.1,100,0.7,100,1237.510953,1263.974826,1228.59701,1295.917027,1319.444925,1263.974826,28/07/2026 06:06,28/07/2026 06:28,1307.450407
100,0.1,100,1,5,1195.65785,1226.639343,1184.472512,1246.575321,1223.200051,1223.200051,28/07/2026 06:28,28/07/2026 06:30,103.9203641
100,0.1,100,1,20,1237.384494,1199.801962,1361.250349,1200.314788,1251.02288,1237.384494,28/07/2026 06:30,28/07/2026 06:36,385.9805155
100,0.1,100,1,50,1237.705147,1300.21934,1098.138949,1304.320007,1260.195986,1260.195986,28/07/2026 06:36,28/07/2026 06:52,949.684166
100,0.1,100,1,100,1238.488259,1198.646755,1294.294238,1287.496621,1279.627627,1279.627627,28/07/2026 06:52,28/07/2026 07:24,1917.899745
100,0.5,5,0,5,1162.561582,1268.853696,1161.264211,1330.30641,1209.668586,1209.668586,28/07/2026 07:24,28/07/2026 07:24,4.365739346
100,0.5,5,0,20,1202.081239,1264.395556,1113.513782,1342.83948,1155.641111,1202.081239,28/07/2026 07:24,28/07/2026 07:24,16.75342178
100,0.5,5,0,50,1292.292278,1279.940681,1218.148238,1244.991422,1218.654376,1244.991422,28/07/2026 07:24,28/07/2026 07:25,42.90434313
100,0.5,5,0,100,1220.913899,1309.090081,1206.185465,1186.985138,1180.394985,1206.185465,28/07/2026 07:25,28/07/2026 07:27,84.7945075
100,0.5,5,0.1,5,1293.451274,1238.584004,1243.420024,1169.673003,1312.057557,1243.420024,28/07/2026 07:27,28/07/2026 07:27,4.71055007
100,0.5,5,0.1,20,1085.928375,1119.308381,1251.160351,1132.765112,1289.02458,1132.765112,28/07/2026 07:27,28/07/2026 07:27,18.52693701
100,0.5,5,0.1,50,1152.539399,1122.075916,1203.522685,1167.081231,1154.797306,1154.797306,28/07/2026 07:27,28/07/2026 07:28,46.06815314
100,0.5,5,0.1,100,1230.548591,1242.76043,1296.10723,1175.325798,1346.974414,1242.76043,28/07/2026 07:28,28/07/2026 07:29,91.23231959
100,0.5,5,0.5,5,1292.729527,1084.169149,1140.285204,1268.077218,1146.995956,1146.995956,28/07/2026 07:29,28/07/2026 07:29,5.498272181
100,0.5,5,0.5,20,1109.128197,1157.69058,1132.515737,1188.961273,1165.89149,1157.69058,28/07/2026 07:29,28/07/2026 07:30,22.89343667
100,0.5,5,0.5,50,1191.508908,989.3464291,1331.822325,1288.078749,1173.14658,1191.508908,28/07/2026 07:30,28/07/2026 07:31,56.7977159
100,0.5,5,0.5,100,1219.753626,1067.734089,1216.160047,1077.941801,1098.011976,1098.011976,28/07/2026 07:31,28/07/2026 07:33,113.4483969
100,0.5,5,0.7,5,1301.838449,1123.078903,1147.82182,1174.986434,1292.42355,1174.986434,28/07/2026 07:33,28/07/2026 07:33,6.035334587
100,0.5,5,0.7,20,1189.937205,1292.549346,1154.135223,1105.582215,1146.288155,1154.135223,28/07/2026 07:33,28/07/2026 07:33,24.46909285
100,0.5,5,0.7,50,1195.075034,1150.110236,1471.869657,1236.952856,1276.421186,1236.952856,28/07/2026 07:33,28/07/2026 07:34,60.86021733
100,0.5,5,0.7,100,1171.46466,1206.916533,1226.576278,1197.662369,1161.241546,1197.662369,28/07/2026 07:34,28/07/2026 07:36,123.0435512
100,0.5,5,1,5,1301.160421,1309.151304,1412.253676,1146.791199,1306.692421,1306.692421,28/07/2026 07:36,28/07/2026 07:36,6.825239658
100,0.5,5,1,20,1186.551467,1311.654749,1265.160866,1260.050441,1169.408425,1260.050441,28/07/2026 07:36,28/07/2026 07:37,27.98519921
100,0.5,5,1,50,1114.871921,1235.600084,1142.940176,1290.819271,1254.633211,1235.600084,28/07/2026 07:37,28/07/2026 07:38,69.09687066
100,0.5,5,1,100,1233.336661,1184.281832,1191.306206,1377.012044,1284.415542,1233.336661,28/07/2026 07:38,28/07/2026 07:40,140.5817943
100,0.5,20,0,5,1245.399929,1129.109546,1272.381011,1179.442131,1120.419219,1179.442131,28/07/2026 07:40,28/07/2026 07:40,15.16928196
100,0.5,20,0,20,1215.647395,1150.72328,1198.030942,1170.089423,1143.97466,1170.089423,28/07/2026 07:40,28/07/2026 07:42,61.15904212
100,0.5,20,0,50,1278.647002,1309.034993,1338.215648,1139.427736,1246.146213,1278.647002,28/07/2026 07:42,28/07/2026 07:44,152.248316
100,0.5,20,0,100,1269.498327,1266.327056,1252.569212,1204.55983,1176.0663,1252.569212,28/07/2026 07:44,28/07/2026 07:49,301.4320934
100,0.5,20,0.1,5,1288.999099,1419.718255,1179.840903,1254.808756,1321.11654,1288.999099,28/07/2026 07:49,28/07/2026 07:49,16.58028555
100,0.5,20,0.1,20,1176.411406,1240.601172,1194.592306,1247.387624,1269.154167,1240.601172,28/07/2026 07:49,28/07/2026 07:50,66.12070084
100,0.5,20,0.1,50,1254.696729,1274.779254,1258.75558,1207.355113,1165.272562,1254.696729,28/07/2026 07:50,28/07/2026 07:53,164.8507171
100,0.5,20,0.1,100,1173.090674,1063.620889,1164.101159,1295.43164,1201.974776,1173.090674,28/07/2026 07:53,28/07/2026 07:59,327.0974739
100,0.5,20,0.5,5,1440.0866,1205.971304,1178.614658,1266.073133,1245.882492,1245.882492,28/07/2026 07:59,28/07/2026 07:59,21.6790936
100,0.5,20,0.5,20,1295.350921,1228.907799,1357.079543,1148.116655,1110.488377,1228.907799,28/07/2026 07:59,28/07/2026 08:00,87.8003161
100,0.5,20,0.5,50,1094.81805,1033.944258,1174.635452,1068.721561,1278.203034,1094.81805,28/07/2026 08:00,28/07/2026 08:04,216.284929
100,0.5,20,0.5,100,1213.621825,1151.314895,1349.24576,1338.510342,1245.879039,1245.879039,28/07/2026 08:04,28/07/2026 08:11,433.676863
100,0.5,20,0.7,5,1221.955631,1234.33936,1240.080542,1251.748892,1271.245554,1240.080542,28/07/2026 08:11,28/07/2026 08:12,23.79801154
100,0.5,20,0.7,20,1235.898116,1233.477051,1302.394499,1254.438132,1156.142998,1235.898116,28/07/2026 08:12,28/07/2026 08:13,97.68356776
100,0.5,20,0.7,50,1289.36649,1223.432478,1277.90421,1203.525748,1291.277568,1277.90421,28/07/2026 08:13,28/07/2026 08:17,245.8316364
100,0.5,20,0.7,100,1109.632196,1380.015972,1211.556099,1197.711391,1221.625025,1211.556099,28/07/2026 08:17,28/07/2026 08:26,490.0011196
100,0.5,20,1,5,1280.161258,1035.197293,1295.732065,1166.107274,1189.037141,1189.037141,28/07/2026 08:26,28/07/2026 08:26,27.58330321
100,0.5,20,1,20,1197.983157,1308.009909,1156.70481,1266.894802,1268.342992,1266.894802,28/07/2026 08:26,28/07/2026 08:28,114.0059528
100,0.5,20,1,50,1320.166711,1123.115815,1238.852978,1211.422508,1195.483585,1211.422508,28/07/2026 08:28,28/07/2026 08:33,285.2469928
100,0.5,20,1,100,1314.005566,1198.227191,1167.318047,1276.091695,1178.934682,1198.227191,28/07/2026 08:33,28/07/2026 08:42,570.1685891
100,0.5,50,0,5,1133.642141,1191.859563,1099.866611,1174.994921,1254.258332,1174.994921,28/07/2026 08:42,28/07/2026 08:43,35.7014606
100,0.5,50,0,20,1041.659147,1139.945434,1146.949165,1059.386612,1163.703148,1139.945434,28/07/2026 08:43,28/07/2026 08:45,147.7938395
100,0.5,50,0,50,1229.72787,1061.657993,1238.024942,1307.161505,1210.660755,1229.72787,28/07/2026 08:45,28/07/2026 08:51,361.874285
100,0.5,50,0,100,1202.581991,1166.391861,1180.416567,1387.573645,1210.872942,1202.581991,28/07/2026 08:51,28/07/2026 09:04,732.8497183
100,0.5,50,0.1,5,1260.207222,1176.055351,1286.655574,1106.191005,1350.47535,1260.207222,28/07/2026 09:04,28/07/2026 09:04,40.08193612
100,0.5,50,0.1,20,1350.014118,1175.354779,1259.641454,1255.646921,1329.181693,1259.641454,28/07/2026 09:04,28/07/2026 09:07,155.2738068
100,0.5,50,0.1,50,1294.759216,1288.041443,1265.57296,1124.830657,1277.83119,1277.83119,28/07/2026 09:07,28/07/2026 09:13,389.45432
100,0.5,50,0.1,100,1320.293589,1132.651202,1270.161341,1192.695403,1134.475223,1192.695403,28/07/2026 09:13,28/07/2026 09:26,781.7440994
100,0.5,50,0.5,5,1058.329554,1284.625923,1222.868092,1105.411074,1131.83239,1131.83239,28/07/2026 09:26,28/07/2026 09:27,52.31645799
100,0.5,50,0.5,20,1213.446494,1210.435541,1169.909403,1198.0128,1259.177941,1210.435541,28/07/2026 09:27,28/07/2026 09:31,212.0522323
100,0.5,50,0.5,50,1199.759183,1284.069553,1157.304874,1200.966743,1175.435014,1199.759183,28/07/2026 09:31,28/07/2026 09:40,538.2612982
100,0.5,50,0.5,100,1157.525983,1211.854457,1123.180551,1164.922729,1258.630181,1164.922729,28/07/2026 09:40,28/07/2026 09:58,1086.717418
100,0.5,50,0.7,5,1027.094191,1270.313579,1162.405105,1171.601027,1138.525031,1162.405105,28/07/2026 09:58,28/07/2026 09:59,63.60747194
100,0.5,50,0.7,20,1260.528288,1186.434807,1183.789905,1294.04617,1236.106567,1236.106567,28/07/2026 09:59,28/07/2026 10:03,246.3025129
100,0.5,50,0.7,50,1107.30303,1260.209589,1150.914227,1184.824725,1290.431728,1184.824725,28/07/2026 10:03,28/07/2026 10:13,626.8604395
100,0.5,50,0.7,100,1146.645947,1200.877334,1172.414621,1354.330661,1182.702642,1182.702642,28/07/2026 10:13,28/07/2026 10:34,1259.597612
100,0.5,50,1,5,1372.915993,1240.281385,1093.325501,1153.068996,1208.462588,1208.462588,28/07/2026 10:34,28/07/2026 10:36,75.10573721
100,0.5,50,1,20,1146.428523,1312.190273,1122.457633,1344.010729,1126.432398,1146.428523,28/07/2026 10:36,28/07/2026 10:41,291.6304371
100,0.5,50,1,50,1116.684503,1188.814113,1216.273494,1319.497593,1319.392176,1216.273494,28/07/2026 10:41,28/07/2026 10:53,746.3348563
100,0.5,50,1,100,1381.722696,1165.410217,1170.973334,1232.185288,1315.615345,1232.185288,28/07/2026 10:53,28/07/2026 11:18,1509.385172
100,0.5,100,0,5,1310.921086,1066.277059,1224.051043,1193.919093,1227.310043,1224.051043,28/07/2026 11:18,28/07/2026 11:19,75.45651484
100,0.5,100,0,20,1243.867704,1119.02178,1262.349666,1204.068803,1220.939562,1220.939562,28/07/2026 11:19,28/07/2026 11:24,286.5618742
100,0.5,100,0,50,1173.814819,1173.581375,1008.58237,1340.926806,1241.762401,1173.814819,28/07/2026 11:24,28/07/2026 11:36,729.5773754
100,0.5,100,0,100,1088.131585,1212.133551,1126.992744,1178.258207,1160.538493,1160.538493,28/07/2026 11:36,28/07/2026 12:01,1471.191744
100,0.5,100,0.1,5,1186.90323,1284.807583,1248.231574,1142.531175,1179.047264,1186.90323,28/07/2026 12:01,28/07/2026 12:02,77.08012509
100,0.5,100,0.1,20,1256.817561,1181.644844,1346.963895,1282.796141,1238.928693,1256.817561,28/07/2026 12:02,28/07/2026 12:07,307.8691335
100,0.5,100,0.1,50,1158.990119,1242.250098,1316.32694,1301.960931,1283.571034,1283.571034,28/07/2026 12:07,28/07/2026 12:20,783.6527038
100,0.5,100,0.1,100,1288.89205,1326.770807,1243.826732,1245.269566,1285.505975,1285.505975,28/07/2026 12:20,28/07/2026 12:46,1559.12292
100,0.5,100,0.5,5,1256.145323,1348.139386,1285.797585,1214.33499,1173.626159,1256.145323,28/07/2026 12:46,28/07/2026 12:48,110.5070624
100,0.5,100,0.5,20,1235.999426,1302.53581,1119.13013,1134.784677,1313.711848,1235.999426,28/07/2026 12:48,28/07/2026 12:55,429.5590441
100,0.5,100,0.5,50,1217.020281,1285.167048,1114.428874,1328.192877,1219.14844,1219.14844,28/07/2026 12:55,28/07/2026 13:13,1084.048988
100,0.5,100,0.5,100,1270.618878,1236.693647,1256.99612,1225.755972,1253.609717,1253.609717,28/07/2026 13:13,28/07/2026 13:49,2165.492692
100,0.5,100,0.7,5,1228.815708,1239.57413,1228.263044,1210.550126,1322.077864,1228.815708,28/07/2026 13:49,28/07/2026 13:52,127.9346538
100,0.5,100,0.7,20,1222.129111,1294.034667,1206.451169,1219.76172,1277.117968,1222.129111,28/07/2026 13:52,28/07/2026 14:00,507.6877856
100,0.5,100,0.7,50,1255.18183,1320.346119,1206.892192,1242.771583,1244.607854,1244.607854,28/07/2026 14:00,28/07/2026 14:21,1262.598931
100,0.5,100,0.7,100,1290.996789,1225.853745,1181.875978,1163.80664,1293.223587,1225.853745,28/07/2026 14:21,28/07/2026 15:03,2529.428501
100,0.5,100,1,5,1226.780227,1297.952399,1286.350623,1215.252356,1258.478992,1258.478992,28/07/2026 15:03,28/07/2026 15:06,147.1368392
100,0.5,100,1,20,1150.652229,1267.194337,1227.616427,1220.635245,1287.218902,1227.616427,28/07/2026 15:06,28/07/2026 15:16,617.9400628
100,0.5,100,1,50,1289.570543,1393.037506,1366.281954,1203.620597,1219.943246,1289.570543,28/07/2026 15:16,28/07/2026 15:41,1492.998883
100,0.5,100,1,100,1288.16034,1204.009527,1288.691767,1111.49139,1090.966263,1204.009527,28/07/2026 15:41,28/07/2026 16:31,3019.863599
100,0.7,5,0,5,1270.605975,1173.737236,1136.015276,1337.036163,1236.93349,1236.93349,28/07/2026 16:31,28/07/2026 16:31,5.973227739
100,0.7,5,0,20,1189.26027,1201.105295,1335.758471,1146.715275,1199.814333,1199.814333,28/07/2026 16:31,28/07/2026 16:32,23.71545291
100,0.7,5,0,50,1180.522227,1382.386723,1292.520927,1254.01788,1240.698257,1254.01788,28/07/2026 16:32,28/07/2026 16:33,61.15996957
100,0.7,5,0,100,1120.585868,1190.948891,1253.033115,1254.833517,1128.872888,1190.948891,28/07/2026 16:33,28/07/2026 16:35,119.4521029
100,0.7,5,0.1,5,1303.225927,1162.445982,1266.985504,1379.95172,1263.070358,1266.985504,28/07/2026 16:35,28/07/2026 16:35,5.935933828
100,0.7,5,0.1,20,1267.206983,1325.528863,1286.696467,1296.473196,1130.874429,1286.696467,28/07/2026 16:35,28/07/2026 16:35,24.21631503
100,0.7,5,0.1,50,1300.35319,1167.545429,1277.987131,1303.660602,1240.026598,1277.987131,28/07/2026 16:35,28/07/2026 16:36,61.47483253
100,0.7,5,0.1,100,1282.292634,1282.216565,1299.728243,1160.988105,1289.188366,1282.292634,28/07/2026 16:36,28/07/2026 16:38,122.4020457
100,0.7,5,0.5,5,1320.9798,1362.580768,1228.067685,1137.361443,1311.456928,1311.456928,28/07/2026 16:38,28/07/2026 16:38,6.928034067
100,0.7,5,0.5,20,1392.162869,1271.27058,1253.192275,1173.689875,1183.221025,1253.192275,28/07/2026 16:38,28/07/2026 16:39,27.32340097
100,0.7,5,0.5,50,1203.665211,1262.799001,1213.748658,1197.566715,1367.772925,1213.748658,28/07/2026 16:39,28/07/2026 16:40,68.79212451
100,0.7,5,0.5,100,1129.647687,1264.74567,1286.106366,1330.357514,1159.550482,1264.74567,28/07/2026 16:40,28/07/2026 16:42,137.9584982
100,0.7,5,0.7,5,1302.34632,1195.764694,1112.582225,1262.104327,1311.162733,1262.104327,28/07/2026 16:42,28/07/2026 16:42,7.065695047
100,0.7,5,0.7,20,1243.120159,1209.559727,1286.559908,1342.597772,1227.921722,1243.120159,28/07/2026 16:42,28/07/2026 16:43,29.34305215
100,0.7,5,0.7,50,1331.824785,1184.82669,1128.405133,1280.175755,1243.128508,1243.128508,28/07/2026 16:43,28/07/2026 16:44,71.92567539
100,0.7,5,0.7,100,1431.996367,1258.430255,1140.109303,1229.514516,1330.792899,1258.430255,28/07/2026 16:44,28/07/2026 16:47,144.9633505
100,0.7,5,1,5,1280.734016,1230.041687,1125.502077,1226.319177,1241.848027,1230.041687,28/07/2026 16:47,28/07/2026 16:47,7.639215469
100,0.7,5,1,20,1349.708133,1166.583057,1236.303368,1216.383726,1225.159703,1225.159703,28/07/2026 16:47,28/07/2026 16:47,30.79035401
100,0.7,5,1,50,1385.507855,1182.357767,1237.611776,1148.053009,1183.670941,1183.670941,28/07/2026 16:47,28/07/2026 16:48,76.58696127
100,0.7,5,1,100,1341.579446,1254.170017,1242.531265,1263.068732,1207.347918,1254.170017,28/07/2026 16:48,28/07/2026 16:51,154.0625343
100,0.7,20,0,5,1242.741945,1208.844577,1124.750748,1259.319417,1101.768489,1208.844577,28/07/2026 16:51,28/07/2026 16:51,22.90953398
100,0.7,20,0,20,1305.998764,1034.800593,1331.275182,1168.65594,1281.968342,1281.968342,28/07/2026 16:51,28/07/2026 16:53,90.96561193
100,0.7,20,0,50,1228.220728,1324.663655,1328.481595,1262.178411,1359.40851,1324.663655,28/07/2026 16:53,28/07/2026 16:57,227.5491364
100,0.7,20,0,100,1139.852851,1225.472724,1188.739896,1158.502892,1207.760956,1188.739896,28/07/2026 16:57,28/07/2026 17:04,459.9452212
100,0.7,20,0.1,5,1223.531279,1225.382434,1241.919504,1239.302064,985.9390825,1225.382434,28/07/2026 17:04,28/07/2026 17:05,23.46769285
100,0.7,20,0.1,20,1110.99761,1053.851084,1172.938103,1207.463872,1191.915183,1172.938103,28/07/2026 17:05,28/07/2026 17:06,94.42137194
100,0.7,20,0.1,50,1259.458943,1261.667334,1256.317061,1286.244293,1220.526579,1259.458943,28/07/2026 17:06,28/07/2026 17:10,241.3026245
100,0.7,20,0.1,100,1267.889862,1152.617628,1078.266968,1256.444246,1336.310968,1256.444246,28/07/2026 17:10,28/07/2026 17:18,471.0371995
100,0.7,20,0.5,5,1304.267733,1200.048962,1244.069612,1214.978423,1190.294738,1214.978423,28/07/2026 17:18,28/07/2026 17:19,27.08231878
100,0.7,20,0.5,20,1303.402875,1274.444663,1281.142758,1299.097634,1264.247657,1281.142758,28/07/2026 17:19,28/07/2026 17:21,109.2050655
100,0.7,20,0.5,50,1268.601285,1279.573233,1244.002805,1230.999747,1282.256343,1268.601285,28/07/2026 17:21,28/07/2026 17:25,279.3408864
100,0.7,20,0.5,100,1228.467537,1206.511427,1224.819156,1163.874021,1191.560764,1206.511427,28/07/2026 17:25,28/07/2026 17:34,546.1169329
100,0.7,20,0.7,5,1200.157716,1100.221381,1230.965211,1194.471439,1253.928392,1200.157716,28/07/2026 17:34,28/07/2026 17:35,28.48255301
100,0.7,20,0.7,20,1190.639978,1339.692667,1290.859967,1217.392334,1092.285143,1217.392334,28/07/2026 17:35,28/07/2026 17:37,119.5037358
100,0.7,20,0.7,50,1290.996247,1219.409835,1146.129918,1147.813203,1060.538245,1147.813203,28/07/2026 17:37,28/07/2026 17:42,295.3578713
100,0.7,20,0.7,100,1302.849005,1208.05565,1208.347591,1167.366976,1313.223273,1208.347591,28/07/2026 17:42,28/07/2026 17:51,589.597034
100,0.7,20,1,5,1256.513893,1294.300402,1203.687543,1137.132626,1134.928202,1203.687543,28/07/2026 17:51,28/07/2026 17:52,31.93663001
100,0.7,20,1,20,1198.109098,1052.728941,1191.934134,1151.135352,1287.381693,1191.934134,28/07/2026 17:52,28/07/2026 17:54,126.4538088
100,0.7,20,1,50,1265.081478,1177.453311,1162.446438,1108.407827,1165.021635,1165.021635,28/07/2026 17:54,28/07/2026 18:00,323.0088606
100,0.7,20,1,100,1268.666811,1164.049038,1350.600122,1277.372745,1362.03338,1277.372745,28/07/2026 18:00,28/07/2026 18:10,642.464457
100,0.7,50,0,5,1377.733061,1271.285644,1340.614082,1279.518831,1106.585212,1279.518831,28/07/2026 18:10,28/07/2026 18:11,56.38800907
100,0.7,50,0,20,1293.969514,1363.7487,1112.861382,1303.453665,1175.812466,1293.969514,28/07/2026 18:11,28/07/2026 18:15,226.5099742
100,0.7,50,0,50,1178.827551,1253.562547,1127.014814,1296.641347,1303.659127,1253.562547,28/07/2026 18:15,28/07/2026 18:24,566.0444598
100,0.7,50,0,100,1172.832596,1350.507352,1301.643324,1195.337008,1255.905872,1255.905872,28/07/2026 18:24,28/07/2026 18:43,1133.727403
100,0.7,50,0.1,5,1157.755789,1148.004024,1346.89655,1220.978151,1150.489672,1157.755789,28/07/2026 18:43,28/07/2026 18:44,58.82456112
100,0.7,50,0.1,20,1180.049177,1197.239436,1178.689277,1304.404547,1165.246983,1180.049177,28/07/2026 18:44,28/07/2026 18:48,229.8835015
100,0.7,50,0.1,50,1305.21385,1213.538573,1248.522606,1130.728024,1069.821796,1213.538573,28/07/2026 18:48,28/07/2026 18:58,584.8963947
100,0.7,50,0.1,100,1164.035083,1160.711643,1290.643845,1183.488749,1202.223807,1183.488749,28/07/2026 18:58,28/07/2026 19:17,1170.276862
100,0.7,50,0.5,5,1349.223959,1094.254879,1224.396039,1351.084771,1240.225774,1240.225774,28/07/2026 19:17,28/07/2026 19:18,68.82170725
100,0.7,50,0.5,20,1158.252046,1177.258959,1276.498916,1327.618517,1211.326793,1211.326793,28/07/2026 19:18,28/07/2026 19:23,280.0280526
100,0.7,50,0.5,50,1212.149053,1091.852077,1198.28237,1112.363708,1419.010122,1198.28237,28/07/2026 19:23,28/07/2026 19:35,682.9047747
100,0.7,50,0.5,100,1209.173472,1178.697094,1342.935614,1374.696984,1260.32222,1260.32222,28/07/2026 19:35,28/07/2026 19:58,1386.267799
100,0.7,50,0.7,5,1314.235133,1295.539422,1309.486248,1298.003454,1226.892393,1298.003454,28/07/2026 19:58,28/07/2026 19:59,76.72284985
100,0.7,50,0.7,20,1254.154728,1191.539333,1312.313902,1132.707913,1292.9356,1254.154728,28/07/2026 19:59,28/07/2026 20:04,296.8829653
100,0.7,50,0.7,50,1102.700441,1308.969947,1262.461633,1051.547862,1297.107119,1262.461633,28/07/2026 20:04,28/07/2026 20:16,738.0699015
100,0.7,50,0.7,100,1425.819652,1190.738462,1160.652007,1193.861061,1257.096154,1193.861061,28/07/2026 20:16,28/07/2026 20:41,1483.35078
100,0.7,50,1,5,1264.272556,1113.278032,1210.186925,1098.007262,1251.160425,1210.186925,28/07/2026 20:41,28/07/2026 20:42,80.23147058
100,0.7,50,1,20,1253.577526,1229.278113,1147.067735,1227.977376,1112.437668,1227.977376,28/07/2026 20:42,28/07/2026 20:48,327.4936202
100,0.7,50,1,50,1279.36503,1359.924016,1184.819292,1167.921697,1265.43969,1265.43969,28/07/2026 20:48,28/07/2026 21:01,805.8410208
100,0.7,50,1,100,1275.923726,1308.696262,1203.245884,1135.570089,1233.97216,1233.97216,28/07/2026 21:01,28/07/2026 21:29,1644.152345
100,0.7,100,0,5,1215.275443,1275.423648,1129.49924,1207.980658,1157.092534,1207.980658,28/07/2026 21:29,28/07/2026 21:30,116.6791878
100,0.7,100,0,20,1192.5708,1226.9897,1276.892637,1335.831691,1222.634448,1226.9897,28/07/2026 21:30,28/07/2026 21:38,443.3147674
100,0.7,100,0,50,1242.488191,1247.24773,1167.048274,1283.287412,1129.220513,1242.488191,28/07/2026 21:38,28/07/2026 21:57,1125.602705
100,0.7,100,0,100,1215.990722,1323.995494,1249.64682,1065.422904,1330.785459,1249.64682,28/07/2026 21:57,28/07/2026 22:35,2315.902251
100,0.7,100,0.1,5,1288.877431,1122.230098,1350.544741,1298.323978,1165.732137,1288.877431,28/07/2026 22:35,28/07/2026 22:37,112.6131475
100,0.7,100,0.1,20,1071.938706,1238.172764,1140.125427,996.7237587,1256.394468,1140.125427,28/07/2026 22:37,28/07/2026 22:45,482.9602735
100,0.7,100,0.1,50,1312.502959,1353.755818,1130.215141,1246.083108,1308.630519,1308.630519,28/07/2026 22:45,28/07/2026 23:05,1183.479886
100,0.7,100,0.1,100,1273.489706,1263.950613,1247.669401,1233.646087,1219.146561,1247.669401,28/07/2026 23:05,28/07/2026 23:44,2363.752189
100,0.7,100,0.5,5,1335.239658,1231.738155,1177.492894,1204.221212,1082.525231,1204.221212,28/07/2026 23:44,28/07/2026 23:47,140.2813423
100,0.7,100,0.5,20,1352.582352,1352.802357,1277.94048,1320.691212,1109.385873,1320.691212,28/07/2026 23:47,28/07/2026 23:56,554.5506296
100,0.7,100,0.5,50,1239.285666,1278.36636,1165.205401,1366.832586,1230.724792,1239.285666,28/07/2026 23:56,29/07/2026 00:19,1412.616966
100,0.7,100,0.5,100,1200.133246,1270.382643,1195.570838,1233.996821,1188.432028,1200.133246,29/07/2026 00:19,29/07/2026 01:06,2807.414946
100,0.7,100,0.7,5,1231.229152,1190.029446,1281.115459,1193.375914,1199.718827,1199.718827,29/07/2026 01:06,29/07/2026 01:09,146.2885997
100,0.7,100,0.7,20,1241.675104,1173.007692,1240.950709,1299.708457,1266.181274,1241.675104,29/07/2026 01:09,29/07/2026 01:19,616.419595
100,0.7,100,0.7,50,1305.973939,1218.19476,1218.177069,1398.897505,1138.945389,1218.19476,29/07/2026 01:19,29/07/2026 01:44,1516.805366
100,0.7,100,0.7,100,1217.597703,1111.878239,1166.793287,1249.547123,1179.582885,1179.582885,29/07/2026 01:44,29/07/2026 02:34,3019.014334
100,0.7,100,1,5,1265.167517,1266.31139,1328.694761,1121.520486,1298.085805,1266.31139,29/07/2026 02:34,29/07/2026 02:37,164.9510157
100,0.7,100,1,20,1213.977727,1021.531447,1264.983557,1355.148005,1213.101287,1213.977727,29/07/2026 02:37,29/07/2026 02:49,681.4624906
100,0.7,100,1,50,1176.517353,1158.916555,1071.500476,1385.742394,1280.694031,1176.517353,29/07/2026 02:49,29/07/2026 03:18,1755.642895
100,0.7,100,1,100,1080.496138,981.1989128,1137.648871,1209.994915,1216.784108,1137.648871,29/07/2026 03:18,29/07/2026 04:16,3494.387505
100,1,5,0,5,1187.077666,1286.291482,1172.279606,1268.381566,1213.477373,1213.477373,29/07/2026 04:16,29/07/2026 04:16,8.618785143
100,1,5,0,20,1188.209263,1155.840082,1229.341932,1234.099198,1162.353866,1188.209263,29/07/2026 04:16,29/07/2026 04:17,35.03813219
100,1,5,0,50,1280.158338,1249.74114,1318.894438,1094.305635,1334.385433,1280.158338,29/07/2026 04:17,29/07/2026 04:18,85.00549603
100,1,5,0,100,1241.103884,1108.924162,1153.064089,1116.324264,1124.828475,1124.828475,29/07/2026 04:18,29/07/2026 04:21,171.4288862
100,1,5,0.1,5,1232.958484,1249.917114,1254.260961,1224.201614,1253.489117,1249.917114,29/07/2026 04:21,29/07/2026 04:21,8.600716114
100,1,5,0.1,20,1315.351273,1238.072511,1273.229029,1159.976981,1218.691008,1238.072511,29/07/2026 04:21,29/07/2026 04:22,34.66644955
100,1,5,0.1,50,1141.549619,1271.51784,1273.567178,1199.090684,1217.046659,1217.046659,29/07/2026 04:22,29/07/2026 04:23,84.02808118
100,1,5,0.1,100,1142.063925,1081.537085,1296.240804,1102.266883,1330.394745,1142.063925,29/07/2026 04:23,29/07/2026 04:26,167.2334833
100,1,5,0.5,5,1289.616435,1154.150767,1287.414844,1215.792541,1220.47267,1220.47267,29/07/2026 04:26,29/07/2026 04:26,8.493610859
100,1,5,0.5,20,1131.07578,1242.899463,1088.185297,1202.222952,1075.460423,1131.07578,29/07/2026 04:26,29/07/2026 04:27,33.21970034
100,1,5,0.5,50,1224.278826,1189.884114,1236.081987,1322.482718,1166.025901,1224.278826,29/07/2026 04:27,29/07/2026 04:28,84.2063179
100,1,5,0.5,100,1200.972571,1303.741589,1107.415325,1276.248587,1236.215034,1236.215034,29/07/2026 04:28,29/07/2026 04:31,170.1595945
100,1,5,0.7,5,1113.400325,1427.484542,1047.568078,1260.026332,1237.87061,1237.87061,29/07/2026 04:31,29/07/2026 04:31,8.256710529
100,1,5,0.7,20,1074.949066,1225.172535,1283.522666,1104.135679,1250.280071,1225.172535,29/07/2026 04:31,29/07/2026 04:32,34.61444378
100,1,5,0.7,50,1221.725022,1172.926432,1384.391546,1208.047844,1393.686418,1221.725022,29/07/2026 04:32,29/07/2026 04:33,83.73895264
100,1,5,0.7,100,1217.353923,1149.800335,1085.467647,1346.23207,1346.910416,1217.353923,29/07/2026 04:33,29/07/2026 04:36,168.6746597
100,1,5,1,5,1152.073981,1338.148295,1169.887646,1105.335887,1105.952656,1152.073981,29/07/2026 04:36,29/07/2026 04:36,8.351018906
100,1,5,1,20,1215.078057,1260.689448,1128.166259,1089.475957,1185.147765,1185.147765,29/07/2026 04:36,29/07/2026 04:37,33.76935863
100,1,5,1,50,1126.865461,1343.685312,1300.122661,1186.477598,1241.2112,1241.2112,29/07/2026 04:37,29/07/2026 04:38,84.09563637
100,1,5,1,100,1387.642205,1348.560378,1293.469829,1113.736486,1256.055682,1293.469829,29/07/2026 04:38,29/07/2026 04:41,168.6847327
100,1,20,0,5,1374.623777,1231.860742,1146.879459,1202.095097,1155.870915,1202.095097,29/07/2026 04:41,29/07/2026 04:41,33.81711721
100,1,20,0,20,1299.23224,1274.32,1245.51678,1248.751025,1225.343731,1248.751025,29/07/2026 04:41,29/07/2026 04:44,139.0105705
100,1,20,0,50,1266.789124,1238.905963,1382.334159,1159.531516,1172.66033,1238.905963,29/07/2026 04:44,29/07/2026 04:49,349.9318938
100,1,20,0,100,1178.819223,1196.379286,1339.8582,1290.926625,1165.590223,1196.379286,29/07/2026 04:50,29/07/2026 05:01,696.2261868
100,1,20,0.1,5,1233.834985,1285.094027,1141.330512,1193.992627,1283.05838,1233.834985,29/07/2026 05:01,29/07/2026 05:02,33.98360801
100,1,20,0.1,20,1088.568597,1300.754385,1378.049807,1231.507637,1306.154165,1300.754385,29/07/2026 05:02,29/07/2026 05:04,136.7843399
100,1,20,0.1,50,1334.948544,1219.019401,1124.870623,1257.325649,1304.894272,1257.325649,29/07/2026 05:04,29/07/2026 05:10,345.1421607
100,1,20,0.1,100,1117.72773,1248.027568,1285.928241,1288.169799,1085.290342,1248.027568,29/07/2026 05:10,29/07/2026 05:22,708.3294752
100,1,20,0.5,5,1222.351117,1369.712262,1016.674757,1130.695772,1368.305387,1222.351117,29/07/2026 05:22,29/07/2026 05:22,36.42326641
100,1,20,0.5,20,1184.602344,1165.011631,1073.161962,1404.233031,1247.645689,1184.602344,29/07/2026 05:22,29/07/2026 05:24,139.1217337
100,1,20,0.5,50,1159.359862,1293.407437,1042.883831,1168.448152,1292.130423,1168.448152,29/07/2026 05:24,29/07/2026 05:30,346.9688778
100,1,20,0.5,100,1015.271062,1062.969696,1281.424658,1098.19087,1141.8219,1098.19087,29/07/2026 05:30,29/07/2026 05:42,698.6043398
100,1,20,0.7,5,1352.192315,1267.028113,1159.775653,1187.144321,1134.415017,1187.144321,29/07/2026 05:42,29/07/2026 05:42,36.22025728
100,1,20,0.7,20,1347.019984,1223.754433,1280.593748,1275.018949,1317.714798,1280.593748,29/07/2026 05:42,29/07/2026 05:45,139.7173104
100,1,20,0.7,50,1213.516798,1222.832096,1223.91736,1286.185729,1250.030378,1223.91736,29/07/2026 05:45,29/07/2026 05:51,359.9432178
100,1,20,0.7,100,1270.368273,1253.636025,1269.871651,1144.529133,1349.817264,1269.871651,29/07/2026 05:51,29/07/2026 06:03,711.4470162
100,1,20,1,5,1247.602463,1218.077571,1284.782661,1245.104992,1131.828407,1245.104992,29/07/2026 06:03,29/07/2026 06:03,36.07770514
100,1,20,1,20,1183.049752,1201.145567,1222.547046,1191.034225,1141.165852,1191.034225,29/07/2026 06:03,29/07/2026 06:06,140.2266598
100,1,20,1,50,1227.835638,1209.243197,1244.608768,1051.928679,1050.631015,1209.243197,29/07/2026 06:06,29/07/2026 06:11,351.8145189
100,1,20,1,100,1116.840352,1329.622623,1221.253902,1273.300577,1100.336488,1221.253902,29/07/2026 06:11,29/07/2026 06:23,712.3014469
100,1,50,0,5,1267.166264,1208.943882,1184.803929,1261.282677,1157.403725,1208.943882,29/07/2026 06:23,29/07/2026 06:25,91.12724924
100,1,50,0,20,1180.935226,1280.173108,1189.811254,1223.999288,1314.463167,1223.999288,29/07/2026 06:25,29/07/2026 06:31,353.2679994
100,1,50,0,50,1308.373609,1249.588089,1244.700129,1194.49206,1193.766499,1244.700129,29/07/2026 06:31,29/07/2026 06:46,888.4389088
100,1,50,0,100,1257.196342,1238.55843,1234.181157,1120.134631,1206.361025,1234.181157,29/07/2026 06:46,29/07/2026 07:15,1754.481356
100,1,50,0.1,5,1158.160613,1309.864963,1339.293447,1313.304555,1302.533018,1309.864963,29/07/2026 07:15,29/07/2026 07:16,96.50670767
100,1,50,0.1,20,1403.366018,1246.351216,1258.442625,1200.779678,1327.642512,1258.442625,29/07/2026 07:16,29/07/2026 07:22,358.4369204
100,1,50,0.1,50,1135.82649,1168.855421,1123.116982,1259.86693,1252.728879,1168.855421,29/07/2026 07:22,29/07/2026 07:37,873.7723048
100,1,50,0.1,100,1126.664134,1274.186406,1344.000019,1333.115898,1114.089573,1274.186406,29/07/2026 07:37,29/07/2026 08:07,1774.080596
100,1,50,0.5,5,1258.442279,1228.884138,1228.031997,1395.190124,1281.236412,1258.442279,29/07/2026 08:07,29/07/2026 08:08,87.96830487
100,1,50,0.5,20,1297.655021,1234.238661,1295.118236,1190.031294,1174.557477,1234.238661,29/07/2026 08:08,29/07/2026 08:14,366.9805615
100,1,50,0.5,50,1215.238471,1240.423689,1204.801427,1281.459413,1252.331593,1240.423689,29/07/2026 08:14,29/07/2026 08:29,905.5916357
100,1,50,0.5,100,1238.260364,1267.073506,1215.285161,1199.459619,1041.727585,1215.285161,29/07/2026 08:29,29/07/2026 08:59,1767.51041
100,1,50,0.7,5,1001.440785,1231.395797,1262.497174,1186.53268,1281.463624,1231.395797,29/07/2026 08:59,29/07/2026 09:00,95.3389554
100,1,50,0.7,20,1077.079514,1278.355739,1219.334127,1154.413515,1241.305904,1219.334127,29/07/2026 09:00,29/07/2026 09:06,374.7676499
100,1,50,0.7,50,1321.066314,1214.382782,1410.756105,1124.902478,1283.658773,1283.658773,29/07/2026 09:06,29/07/2026 09:22,914.0380669
100,1,50,0.7,100,1104.188519,1226.990417,1300.875241,1080.757164,1136.483346,1136.483346,29/07/2026 09:22,29/07/2026 09:52,1822.12549
100,1,50,1,5,1154.977232,1084.612978,1262.642525,1171.391725,1287.313197,1171.391725,29/07/2026 09:52,29/07/2026 09:54,92.71708179
100,1,50,1,20,1270.134768,1163.318569,1178.49347,1273.540551,1251.004177,1251.004177,29/07/2026 09:54,29/07/2026 10:00,373.831569
100,1,50,1,50,1233.952257,1217.119185,1155.900713,1289.927882,1285.884614,1233.952257,29/07/2026 10:00,29/07/2026 10:15,937.386327
100,1,50,1,100,1097.93023,1254.223997,1257.062465,1298.468042,1223.651882,1254.223997,29/07/2026 10:15,29/07/2026 10:46,1853.861491
100,1,100,0,5,1235.637019,1205.250323,1319.489276,1165.745379,1227.97427,1227.97427,29/07/2026 10:46,29/07/2026 10:49,173.9701884
100,1,100,0,20,1280.513829,1220.087855,1250.814657,1194.751763,1167.323694,1220.087855,29/07/2026 10:49,29/07/2026 11:01,706.6968632
100,1,100,0,50,1155.082775,1248.389702,1406.979675,1206.874766,1150.870685,1206.874766,29/07/2026 11:01,29/07/2026 11:31,1788.998715
100,1,100,0,100,1267.991924,1254.806606,1214.364421,1175.39211,1287.25956,1254.806606,29/07/2026 11:31,29/07/2026 12:32,3658.052319
100,1,100,0.1,5,1154.924318,1174.294619,1141.132268,1156.767061,1305.158598,1156.767061,29/07/2026 12:32,29/07/2026 12:35,176.0221791
100,1,100,0.1,20,1231.102924,1224.919248,1296.646334,1250.428562,1093.993171,1231.102924,29/07/2026 12:35,29/07/2026 12:47,712.9290648
100,1,100,0.1,50,1219.740637,1153.805907,1253.796413,1248.685198,1233.693607,1233.693607,29/07/2026 12:47,29/07/2026 13:17,1810.500565
100,1,100,0.1,100,1146.034386,1282.124941,1148.234207,1000.183233,1276.826115,1148.234207,29/07/2026 13:17,29/07/2026 14:16,3571.258542
100,1,100,0.5,5,1246.773666,1305.506146,1289.081739,1266.282791,1247.481267,1266.282791,29/07/2026 14:16,29/07/2026 14:19,183.7136905
100,1,100,0.5,20,1165.968262,1213.250704,1130.36986,1140.598869,1277.978514,1165.968262,29/07/2026 14:19,29/07/2026 14:32,732.3525245
100,1,100,0.5,50,1178.439964,1253.214401,1209.185732,1363.457148,1208.108162,1209.185732,29/07/2026 14:32,29/07/2026 15:03,1874.589819
100,1,100,0.5,100,1295.542401,1208.19917,1223.000108,1203.688624,1199.526054,1208.19917,29/07/2026 15:03,29/07/2026 16:04,3669.654585
100,1,100,0.7,5,1127.46135,1169.033036,1234.773313,1324.630369,1307.99336,1234.773313,29/07/2026 16:04,29/07/2026 16:07,192.5314772
100,1,100,0.7,20,1147.387592,1211.049882,1180.449771,1130.458982,1280.172788,1180.449771,29/07/2026 16:07,29/07/2026 16:20,735.3688424
100,1,100,0.7,50,1175.697115,1237.458058,1325.097003,1205.647534,1269.609915,1237.458058,29/07/2026 16:20,29/07/2026 16:50,1859.445378
100,1,100,0.7,100,1237.835571,1261.385287,1227.359933,1284.178582,1142.160105,1237.835571,29/07/2026 16:50,29/07/2026 17:52,3677.134363
100,1,100,1,5,1299.648047,1202.666108,1234.621491,1234.661738,1108.04403,1234.621491,29/07/2026 17:52,29/07/2026 17:55,190.2831497
100,1,100,1,20,1268.907926,1179.730219,1282.786993,1122.50783,1188.36329,1188.36329,29/07/2026 17:55,29/07/2026 18:08,758.7758131
100,1,100,1,50,1188.1835,1033.857873,1253.633841,1146.381074,1393.964861,1188.1835,29/07/2026 18:08,29/07/2026 18:39,1890.903058
100,1,100,1,100,1283.806146,1198.722552,1260.740898,1136.785831,1274.69649,1260.740898,29/07/2026 18:39,29/07/2026 19:43,3813.823498
